user_id	age	gender	occupation
0012bb5ad69a1b024811ffb2026d44d7	56	男	软件工程师
003bbcecd2c01b2dd313d626f4b9f945	46	女	人力资源
005115ea3ab2c88015c8f924f5355dd8	32	男	运营专员
007c2d879883caf4a11542590ce777e1	60	男	企业家
00ea493cc07e08f28d271ffecfbbd94b	25	男	研究员
00f359b38afa284acea44b1076993fe8	38	女	产品经理
0112c2957f1b12810e58b2215405ed5c	56	男	数据分析师
0134c3fdd60a6e83275b6fb0eb2665e4	36	男	人力资源
019f6f92cad89898e8e2d53b77024158	40	男	企业家
01bfa157e34de9219e0178c609b530d2	28	男	企业家
01c3511324c134c3094ef281e782ee02	28	女	人力资源
020c0d0cff58465826fb81711f087b6f	41	女	研究员
020d377edb7951a129e43bfe3c4e3b9e	53	女	软件工程师
023e96f06916a3357f31ecb47e1a99b7	57	男	会计师
02897b90ce629c72fc91b872cf090e7c	41	女	市场营销
02dab4da9543598944d2be4fc048489c	20	男	财务分析师
03311676244183531b4db36e6a7cc73e	39	女	UI设计师
034964d69b68fc3b8189acf223b70988	19	男	律师
034a59782d1eb8036d101db454d7361d	41	男	医生
036a62d1d128520c6169be3c4cb5bcce	61	女	技术支持
03954e33287131f67b97aab8663116dd	47	女	产品经理
039c2728a1f5b6a83f1e8d3b3db0cb8f	55	女	企业家
039e554cdb430a1c95ea0df708f8b8e5	19	男	律师
03a022d63432873bb1db071548fa6f57	38	男	企业家
03b563229a269aba30963eaf44b20618	50	女	技术支持
03c3e5b4ce118496cdaf096865dbec84	29	女	研究员
0409b0526d265a429d54b139cd24aa69	39	男	数据分析师
0444b61daffccc53aad699894e0c0ac6	61	男	人力资源
04b08e8f256ca506e55c790dc1e8cb2a	42	女	数据分析师
04b3b464761066edf0ffa6ed0fb6d868	44	男	UI设计师
04be5a48a2704ed7ca1f124137200803	59	女	市场营销
05024c890b72fa515a186058fffd89f0	45	女	医生
0505455554e30365902353db6d2f386a	33	男	医生
0580e8926dee2f8ab647ca5c381cb9ce	32	女	财务分析师
05a90b76ffb3e01d73348abc36581020	64	女	数据分析师
05c3db8e9aacf6dcf35aa1b0b0c461d8	61	男	企业家
060f4121fe31e50503077afec5634910	20	男	销售经理
061260a8b029c93df5418efed024976c	54	女	律师
062945a1928543aace055e00d011aba6	24	女	企业家
069c97ef05705f0954d948b8acbb90cb	38	男	教师
073a1e2d39aba14a44f46ca9ed450900	26	男	人力资源
076c24e96b6a6ab3f9d3fad3dcf4dbfb	56	男	教师
07f3fdb9ca0f5126e54fc74a74818f92	35	女	市场营销
07f94e6cfdb6571ffe7323b4985eb2cb	21	男	财务分析师
08100b03c5d81d2c89d5e4f5f71f6b94	42	女	财务分析师
081778b3ff7a6f48d2d74b52f662b77a	31	女	律师
0856dc5aca5bbf9077e9dd4af1ff03ea	26	女	运营专员
085e3104121e93be83ae23594ef44543	43	女	运营专员
086d3e6106c702751b9fc3b621337cdf	19	男	企业家
0879f3dfdcda6d1f4f02b2f7673c71e7	37	女	研究员
088677e11426640c1bf9c224af017305	45	女	研究员
088dd3d6805509833107cad31b65ada8	64	女	医生
088edec24789ec8c9fe980611db354a6	24	男	运营专员
089d253aa36910f9d1730b9b009b522c	61	女	数据分析师
089da935cb8c030124ee5253c4578d28	25	男	UI设计师
0927845433832dedc9a1bc636db2d8b5	64	男	销售经理
0950a56ef0c30626cef46ff1dcfa37a9	52	女	技术支持
0962155c35df346783364c466d84d2b7	31	男	律师
096dca32255b1480b056f5f4ce37f3df	34	女	技术支持
09acdf9b567b8acbcdf310fd527cd33d	53	女	自由职业者
09b5f733e5a6f0080af1584ebbe9c82b	57	女	企业家
0a26d47f55b5b4f74e6d90bc3ee8bae3	21	男	UI设计师
0a87f8a37c923076d87d5a4e4eb0ad04	19	女	教师
0aa42560bf6737d581ebd7e170bf6cfe	23	男	项目经理
0ab06f09ae3add02cbee3c33b973f34c	59	女	销售经理
0aef89795120ba368ebe98ed6d82e10f	21	女	软件工程师
0b737370353c1ce2bf3f60656ef50498	46	女	自由职业者
0b86a330ab91b43eb0aa5516a1a2f9db	35	男	自由职业者
0bad7aac725bbbb8d72ecdabfca98dec	43	男	项目经理
0bb9e652de93c5387284ae1f53fbe87f	61	男	运营专员
0bda0c07158ba1d43febe6c4090fdb52	51	女	销售经理
0c457d671773bb63dbd390af62008120	27	男	技术支持
0c46c8e27ffe02e838bc1ad68436e5d8	53	女	学生
0cd4e890718fe5c2d66d9f28e49af6ab	31	男	UI设计师
0cfe1df2c88fd5bc02d7a1ac30b2762b	48	女	项目经理
0d0e2c8b6e33983415669730ee76bf37	65	男	产品经理
0d7eb9f5c4fff8db1ef68af45c762e1f	32	男	研究员
0d9bdbce96d37d5af231a6954faaa26f	25	男	数据分析师
0dae1acd9746482fa9b80e858ffed9b4	31	女	数据分析师
0db2ff5206efa362222cf8118dfc17d7	40	男	运营专员
0ddac322234e4e3c916ad233fe58709d	57	女	企业家
0dfee276d3480fb75a30e9513aa5f3a8	38	男	市场营销
0e2813e7625b91a169aabd3d71943fd8	33	女	财务分析师
0e508905ba0578e89f33305276786d6f	62	男	项目经理
0e53182ff92b1951ab89b9ce2d848844	35	女	医生
0e9022758961ae88eaa23db0a0fbb8d7	64	女	自由职业者
0eaa95f0316e4468d8e3a2ac013dab03	41	女	UI设计师
0ee87c3b8cad15ba977e2acfdea708cf	43	男	人力资源
0f37ee1538711f3c8cedd007800f9ff6	42	男	教师
0f3e88fe6b97b9107985e643e47c52c4	62	男	研究员
0f67081ec5ce47b5fd4954331fe7c411	58	男	研究员
0fb9e2504bdb96d140cb7ac22bb71ce5	46	男	软件工程师
0fd4161f2751d2aaad67eb5cdab9da3a	32	男	产品经理
0fd55a7b6b4ede967da7edc2d45cc061	62	男	数据分析师
100d14f72fac8c25510802b3e382a18a	18	男	教师
101a480d635b37eb02fc4bf3ee4c14df	42	男	自由职业者
102b0d16182b5187091f9214a1c9e52e	24	男	市场营销
103a2d7ba03cd171b372f3b9488a76a4	26	女	财务分析师
107f8158ff94808499d9001ed613485b	41	男	研究员
10bb6489e96983a17ca66ab3f5c74909	18	女	人力资源
10d6e51451368185be043e438e97adb3	61	女	会计师
11085f11e495717e7d50ee1b03682e7c	25	男	UI设计师
113a3cb1caefe1d9f1cc13a75c485124	41	男	会计师
115b8c013c388f8ac75a64e98861e0c4	28	女	会计师
118c6e20a10f9711a159fd515c4f059b	34	女	咨询顾问
1193bbdc84f7b2573c6956aa4e166083	25	男	UI设计师
119c059a071f27259281dadcef23470a	52	男	律师
11b72950cde4d4e14c287a2899ddca97	52	女	UI设计师
120ffed09a493d412243c3d1886e7988	50	男	财务分析师
123cd01d94eff41dbe54a30f0e398bca	22	男	企业家
12503e248b357d0cb36d2bab146a6450	59	女	运营专员
12594ce16c52647d8e586fd78eeed666	56	女	销售经理
1268e92833bc5f3dd5b70dec8dcc5939	58	女	咨询顾问
12891ec9693d799716eeb8828fe9cded	45	男	数据分析师
12a268228ea553dd2c39be4dc074af5d	24	女	企业家
12b1a35541a365aaae16e664aad7b553	26	男	产品经理
12f03d03094bbbf08dd0b4a37c824d24	25	男	数据分析师
12f2f6e60d216ef21457577506941cde	29	男	销售经理
13016d22adec2869a3e99e9056b7e5ca	51	女	学生
133231b4ad178ddf25730052112c3b32	50	女	财务分析师
13bfada81dadfd8c3687fe29b3d3003a	65	女	产品经理
13cd1da8ebeb3e70a674348c004fa786	40	男	律师
13d6dab18dcf0d3dfbecfa4e1f8037d9	41	男	律师
148684984df0fe1e2b391efdac7cf7e0	54	女	咨询顾问
14da581515b58355ebb6620ecaf1778d	52	女	会计师
14ea3fbca994097ca81d4ac4466f7e17	61	女	运营专员
14eddb2edda55e186928a23c0c8509c4	57	男	项目经理
14fc18e20e056a0bc438f1f1d932320e	39	男	产品经理
1529497a6c1ef3434d3bd7b7bfd07b3c	44	男	教师
1541cf907d7154765f0ea49af7a2f316	52	男	产品经理
15a4add5155ce75d4ffe334ddde1a6dd	18	女	自由职业者
15a82f7274b7f805ad64073e2f5f55ab	52	男	产品经理
166a900c4c535842f71b225ab82f0c00	54	男	销售经理
169e9602a3aa35b34fe3b708f2ad8246	64	男	技术支持
16b047eb3ce141697494737e51e429b6	31	男	人力资源
17038dc650070cda85c80599d94bf8b1	20	女	UI设计师
1780701c6aaf3011f069940634870b07	18	男	研究员
17807a49c0b599748aed11a4c1c71658	22	男	技术支持
179d11c4e8f44deb4a08cc8fade31e4e	43	男	会计师
17b83044b9060d58292d6fb03d90860a	31	女	市场营销
17e99b2d7ddd9ececc930f40da716f92	56	男	教师
188753def80f7eeb5b3a12b512192341	44	男	市场营销
18d8847969ad361c83d9c1d692b39c04	26	女	运营专员
19190a4276a8c3971227c7aef87b0ba5	32	女	咨询顾问
19a36e35cb51b23497e3fde9ef49debf	32	女	数据分析师
19af9f063af976890fd1be515da58dbe	43	男	咨询顾问
19cb27228fe7ab719722f07b7ca6dda2	59	男	数据分析师
19d50b47247b6af0258eba8b75ef5cef	30	男	自由职业者
19e54e50c2942d5a8fc8b05b025535f5	49	女	运营专员
19e64a300c26cec3cc8d83bb591d36d8	56	女	数据分析师
1a0743413c19cc3330ca1f1a16c8bc8d	49	男	医生
1a0de0d360c5b67ba9f6bdc0e7cca244	21	女	销售经理
1a31f24fb635bcdf322718f0b31aea40	47	女	企业家
1a471c4a14c34caa2d8d5543913f0a50	54	女	技术支持
1add18359eaf0e2e1b5d1b8c26b83ea2	40	男	企业家
1ae17fc676991109a6944093fb338f2f	56	女	UI设计师
1b63f53a2da07cf81ceab5d92a12aea7	62	男	市场营销
1b67612bf1049c86f3fb802919065aa4	32	男	UI设计师
1b8e0cea349cd2cd76b4b15c58ec7696	60	男	市场营销
1bf2acda18860649b9497c91ebf4354e	46	女	技术支持
1bfb24901681d1828e2fe9e1b9296fa9	53	男	教师
1c2fa631a39a477a91ad4406fa38c341	30	男	市场营销
1c366b222c33b578393d734f974160c2	49	女	市场营销
1c54fcaeedffc19178fd0ee0d0900411	24	男	数据分析师
1c99cdea8c6902bbbf6ec365054f9a1b	39	女	市场营销
1ccd0a5dc5a148b013bd531ab0e3a5cc	45	男	软件工程师
1d1eb6b603a3790de800e580a27c017d	19	女	运营专员
1d21308dd99e4bdcbbe24a640b5504f1	59	女	销售经理
1d25565e51645257ef091fb59ec758a2	62	女	企业家
1ddc8578fe67365ba2fec587d71a7701	23	女	企业家
1e78be7c581c4f3ba1840b92fe2ca6da	45	男	UI设计师
1ee15ace557525b7c2e3fe387fb14d45	45	男	运营专员
1f0d67d4eb697edc2cb4bdc1cb982854	61	男	医生
1f0d9641b0ee7e9daa92645050447a09	61	男	会计师
1f2c4b75d677aa2fd6a2cc77f7b4f914	37	男	产品经理
1fa564d50ddd6393548c8161b5ca3049	47	女	医生
1fa674e2decda88af47c38d886585f5c	28	男	医生
1fd0804fc591083fdb73a459c388e44b	45	男	人力资源
1ff06254c7345e32a8db53fb1d0f31fd	42	男	医生
20257cb248f907411e462e583b7e35ae	56	女	技术支持
203279f0baa65414f48e1866965f69a2	50	男	人力资源
20749ef7284ee72a9f1dc0fd244d7d19	18	男	销售经理
207f3e6c0f6b326efc9cb8989377ed6e	44	女	软件工程师
20efc3c84b2d85263cebcf468376ab23	30	男	教师
211c23fcb137ef63d2a7e673c54b3e37	58	女	人力资源
21371a06a09322907757b8fb07c894fc	20	女	销售经理
21434140d6721882728311f285a49935	56	男	律师
2165d179801e7e5bf730a7965cc64373	23	男	学生
2198d2492cb41a6310dc643abef32416	25	男	财务分析师
21deea65741aa20b84eb5e436293d3e7	44	女	医生
224c2fac37896143ddffb7ef4841aa83	26	女	人力资源
225f02e3c67e69499924ab2c0920d562	54	男	软件工程师
2269e232e08079ceed1f0f55aee657b4	50	男	律师
22971e5a6e28f5b8fa38d271c1122d3f	59	女	市场营销
230ce8124e7a18575decd3a50b1025de	61	男	市场营销
234119b2bf3148b29c9545221c06688e	41	女	自由职业者
23659a94d21161fd9bad6037caf0e91c	32	女	企业家
23986deefc158f75887b44048ab70f55	49	女	软件工程师
239d5901a39aa1b30b9399e00ec72e25	49	男	市场营销
23ce42d0f764d59e64a03a0b1b9aa394	41	男	研究员
23eb8215075ef701d3cf65e66a6fc5b2	58	女	产品经理
24c8cfd6191f55ae4c310308eb1d4a07	29	男	技术支持
25078f37753dae92e9455f5ecc363841	56	女	医生
250d9bbab2db6f5d2513070bf90a1621	19	女	会计师
254e90a8c6688ac1026169ebc99eb34c	20	男	律师
257e67d7e4842f0002716e9d0c7794b5	54	男	市场营销
25cdb11a316a709a76c0da4b236b732f	34	男	会计师
25db14ab195f919bc347a30ef5438fc1	19	男	自由职业者
2627123c784a9266d9a71a94cfd8e948	19	男	医生
263d817aa9a12540a732e7011181b793	45	女	数据分析师
263fab3c661e8b4dfea661f931bd26d6	40	女	技术支持
2645d2760601fc896e7dcf8e22cffd3d	54	女	UI设计师
2659bfd902ed3c6fbec639f7e2df0968	49	女	自由职业者
265c4d978064e0f471f1f3141eb29c7a	50	女	会计师
26cf7ad887ffba57189d9a2a3950760d	18	女	律师
274102f1e8fcafd83fbfdf2748d6d2ec	36	女	企业家
27445f795542409de1adb3547f08ff5c	19	男	财务分析师
2744c6eb01959b4a311411bec0dc5714	61	女	律师
2756bdd19943277caa434247c17fc9d6	43	男	技术支持
2776aa1ce42fde1b15fa9c0c14d85f4f	49	女	律师
27acd09d3456bcad93f142bebb4eddb9	23	男	项目经理
27d41902baea671fdb893961f4e61dfe	49	女	财务分析师
27f0105c9c9b12c879f69d2d05fe4199	21	女	研究员
2890b7981085b57d39ea377a5ae5d747	28	女	咨询顾问
28c6a52dbb5899846b046fe090f5887e	34	女	咨询顾问
28e6c07049fa23c8be2134404538a633	55	男	自由职业者
296421a3f7e200da7d22b7db63e658be	41	女	销售经理
298e181c0487536b4ac09880a2d860a3	22	男	项目经理
29933e5af0cf823e524d027f09ed0ca3	51	女	数据分析师
29a63d714bb45e7643adfb9145c3a963	23	男	项目经理
29d04e756d381333cee65508ee5312b8	39	男	财务分析师
29f5aeda4ff5bfe3989a815d787e98f0	28	男	软件工程师
2a1b4af9336336a475f6ffeeea68c9c0	65	男	人力资源
2a2f6d3b646006383550599a604d539c	33	女	技术支持
2a50ac989da60838cc232736b0ff9965	50	男	咨询顾问
2a5929d131138987bd60569377f4895c	26	女	研究员
2a7245435b050ad5e02cd781cae87bc8	23	男	律师
2a842bc41f49ed0da948377fe001292b	33	女	律师
2a930bba855640117700fc2577e8e08c	46	男	运营专员
2b3e9f94c24ecd0d64f5c2ca0e4a03c3	20	男	UI设计师
2b7332e1a6f5f261c387ccc6a01e4065	37	女	人力资源
2b781e01e523ac3769e7c3a35ae6be66	53	男	自由职业者
2b9e66eb71077228f0a9050f4d28c141	36	女	产品经理
2bdc618a9a8dc8bcb5cc329f84885aa1	43	男	UI设计师
2beb2be81f2a1e32f549f2c39b6fafbd	20	女	运营专员
2bfec8e6500db8388425414597bab869	36	女	自由职业者
2c2a86808f5d6bd71c14f45d68506a8e	37	女	咨询顾问
2c388b4ea80f4954ff8f0fee00964e24	49	女	企业家
2c4569f3d32c879b1c9d14ccfee86ed2	24	女	销售经理
2c64bc80c644b84925409e11f2c93001	58	女	咨询顾问
2cb8eeb28f0c8b4c1a82db8458cf0668	50	女	人力资源
2d3045401ef4c81326ac21af40325974	57	女	自由职业者
2d56ff578c03dfd4354cc08cda72e2be	56	女	人力资源
2d7387fe79f5820e2466d59a552365a6	35	女	咨询顾问
2da4ae03faa6bef710b8c2a689c8131e	57	男	项目经理
2da5fbe465025e8507bc2e4d1e3a86ee	18	男	市场营销
2dab08039fba3540c0e221b8d708fa5e	28	女	教师
2db587d8a30388531e76020120e9e5a7	45	男	运营专员
2deaf7718a45a788e55a1278e805e32c	42	男	人力资源
2df5622217709b252a1ff0faa7232821	40	女	运营专员
2e04b810bc241de0628826f23b541be2	48	男	数据分析师
2e3f3fa729537409491c3ef4534e58ef	47	女	会计师
2e658c62fe2c57a2c069c03394fab095	59	女	企业家
2e6c7b7f94cea3981fe22024d06f14e4	52	女	会计师
2e872946fcf1c0b3c9105303b9325f4b	24	男	财务分析师
2ef2c4a4e6b365efa33dbc3ea6ab21ce	33	女	律师
2f15dfc127e9acdf62f53c7e8a17d165	43	男	研究员
2f3a5d3cf10857e9026cd7d066bf775e	65	女	学生
2f860dab1b2f4f45b652a08956693457	19	男	医生
2f9f487b79fc56795407ce369ecae9b5	18	女	律师
2fa9c9edf9e48bb3180f9b249287fe67	65	女	企业家
2fedb900a4b9941cb93c370744ae0198	29	男	学生
2feece03860c1382b4126a9909142bd7	22	男	市场营销
3009ec1a595f825d814048ae1ec67ae2	54	女	学生
301ddffee51103358373a0adbedb1e4b	49	男	律师
302a1c4bc29428b227bf0abba3b3bce0	26	女	律师
303ecece68e8426aa162bdcead460ebe	58	男	咨询顾问
30ab92c254e0a5ee00822c39423cfe1e	52	男	技术支持
30bc13c1068ebf774d357be7ab710d6b	36	男	律师
30f3621e72b37b14042e0df1c45a5b0e	65	男	数据分析师
310b85405274ea45152cede3f6b0c7dd	33	女	运营专员
31666b1c8cad44ae5a49549f0db49669	20	女	销售经理
3181e19a4da4378547035560ac9d81bf	37	男	市场营销
326400a4fcf042b4f08095a6a3c6c9e8	41	女	教师
32ace9edab1ffed9e0045f02891dd0b4	50	男	咨询顾问
32ccc13452885e54940e3aea1d096924	41	女	教师
32d529c211be6407e822f5f0e8a2338b	28	女	市场营销
3338472941db374dfddeeddb02db7604	25	女	市场营销
33437131853b32a72c8fcd290d40187e	53	男	学生
334d5f7f3c56cf991453b5db6b132f7b	55	男	企业家
3360a61e340f89a875560782a68a5fba	57	男	医生
33fcc595b21bf10b4dc4a15e1d9214f0	37	男	数据分析师
34656c596078754c1ba0f7caa8cecf07	52	男	软件工程师
3483f8cf04ee4187ae2ef5879f732a0c	65	男	财务分析师
34f7e0aa9bae5381758c36be9dbc5ada	42	男	技术支持
35049a8c22d63f42137f92207aceb99a	52	男	人力资源
35b52017caff4eb2207cb2a3d46d1343	42	男	学生
35c633465378ebdacae3b200122af4dd	46	男	研究员
35cfb04cabc13dbeeec4878e0e5aab27	35	男	咨询顾问
3644cee6f4fb4ae6e1a86c8578d2ea2f	63	女	医生
36516c3ce400eafbf7294889ddb81d3e	35	男	技术支持
366cdb757b33b7ec1ea6c599133e016d	19	男	销售经理
367b8e59cb8e6a513342b59ee6c24b32	52	女	UI设计师
36abb365db1e57b058d8f1cb2b00830b	33	男	项目经理
37298358430d26df6c282ce5b9d474b7	58	女	律师
374b8ecd40cf9099fb4349a43cf1e157	53	男	数据分析师
3772d24ed2af1ba9ab0fb56a5556c109	50	男	UI设计师
37835875fa15f5e6a9ba7a5abdafae78	21	女	技术支持
3786988903b3e6ac337e5c78849256f4	50	男	研究员
37eed107af6ddbfa1056b950f35cfddc	31	男	医生
382c55dd3c5f533afa51213c3b8e6fe6	38	女	医生
3831e5324bb09f6f920e438409fe0be7	65	男	自由职业者
384481b87531088b8f5f1c4ef4001ff5	37	女	软件工程师
3866d315beada0e6f98651eacc97a75f	25	女	学生
389bd554f26694d69f833a9d9f0894c7	24	男	会计师
38af54a5c346652c0f230c156098149f	20	女	咨询顾问
38c72b69c19f47a37a1ff574b5c348b2	34	男	会计师
391321880aee6d250d2233394942dfd0	50	男	自由职业者
3918d5c6903ef723fa75dc103b201d44	65	女	技术支持
3920d0777fbd1d8bd0c8d8ca112f0871	29	女	咨询顾问
3949ee99e93c64fe50b40649bcefc01f	39	女	研究员
395306ab647f149bc3b0ecc73b51da89	39	女	教师
3955b0c49e5e196ff6e736c4f345a50c	63	男	数据分析师
39a43ca5872ba33a8a9597e6967cfa0a	47	女	咨询顾问
39fe2c7779b2d31885c2aa7aaf02a15d	55	男	咨询顾问
3a54b3dda263c8395f609714f8a54f7d	55	女	教师
3a5eb0d414938ffc2b88ce29b359de8d	62	男	学生
3a7230f21131e472d3f6a81a0ebae4df	25	女	销售经理
3a875d1374b8c1a88102d9058fd90ead	44	女	财务分析师
3acdb67c9db85777bfd4dd479904e2bc	44	女	市场营销
3ace997b417db53f392b3e16cbc418c1	51	女	市场营销
3ae5fcfa98b45972f3ee32391ddae1ee	38	女	企业家
3b775544898886e1e5501617d938f55c	47	男	自由职业者
3b8844c6e0fad791c3413527d1df1c6f	50	男	数据分析师
3bb6b5267130bb4f1a0618c7f50ae331	45	男	会计师
3bc1806ec281cd7ffdc76b7429c9f126	64	女	企业家
3bc2c565dd9e144d42b77d2661d35178	50	男	学生
3c0f91948e6edad423bfb9782a10f516	22	女	咨询顾问
3c1f640eccddfc0bfd717d39430433b0	65	男	数据分析师
3c7ceced9e0a7febe7d35ac1c913ce91	36	女	人力资源
3c8ac3d369a1c120c9cab73e1ddf7d98	21	女	人力资源
3cb1584b1292e4ef01b6d256ffd36997	52	女	研究员
3cb6accc2f53310c9e9adeb1a401a79a	34	女	学生
3cc7fd9c07ca888dc2010f3236c3bd90	61	女	会计师
3ccc9f71ff3293daf5f07e5f64d59e3b	45	女	医生
3cdcd6c1b122a976749752eb5df39ddd	47	女	市场营销
3dacb6433ec9516bc869bc03794945c7	46	女	市场营销
3dc8369a0743a78427cfc5f2b506abf0	63	男	UI设计师
3e79417df36a4883c8bc80ee2d973102	23	男	教师
3e8caedf75df637393944ee16b52498f	52	男	企业家
3ebcfb3f56a56fdf34d2f3c18075eb4b	58	男	财务分析师
3ec170e13fc5034365b64032597e6133	54	男	学生
3f1656810dc192547a2ed68471085575	41	女	研究员
3f3d2399b046ad3326e58454ccc70010	46	女	UI设计师
3f438ded5f4a462ac6d52e3fa063bcfb	63	男	项目经理
3ffc132246d1d4a818c19a8d915acc09	48	男	医生
40129dbdaaf487a3e78830048a02b84c	52	男	项目经理
4030d6c39d217522c4ba9a35e6e5365d	50	男	企业家
404b35ef633bd86a42499be609786f52	38	男	市场营销
404c8edbd255035b469664de5e47d288	49	男	产品经理
4063b8acc57a187d74a114c47db09737	40	女	运营专员
40730f4527e0c7cd01e85029f268c425	50	女	UI设计师
407f4c59346b1523175fcece7549e224	20	男	研究员
41188188cee2744c5c254a2bd74c99c5	35	女	学生
412af12d9a5ff79b00ee69728c3f5c9f	42	女	咨询顾问
4172dc0d8928b79ff4aad61a4540cd1b	59	女	销售经理
41943fd56bbb8a6157650755baadadc7	48	男	市场营销
41f4312584cf4086a36eb12862f524f7	20	女	UI设计师
421bc51f7db6a9600f5a4dcfb6dd0a8d	57	男	律师
421d9732b28869775cd4d0a5f9664de6	63	女	数据分析师
421f29496491e9428b49185d971bb49e	41	男	运营专员
423488da9a649816f8320c9fa8c05337	49	男	研究员
4252ad680cf0f8a5519a0b536683442b	64	女	数据分析师
42fe0361d7b7ca28b883964c4abf88fd	39	男	UI设计师
4304f3ad48446f9a2027b163e69f2f43	40	女	技术支持
431af760530e4ff8bc73d267e8f15bae	19	男	自由职业者
432a9708667d4fed700ea2b586d46f5a	44	女	咨询顾问
4361dbd7fd229238378a18907f6e7d76	59	女	项目经理
4387d99044e35a9b4b0a292a4d40c12b	19	女	项目经理
43abc94ca173cb88ed83e0a8ffef5ed4	43	男	技术支持
43de441e0cca24af915dc0fd9b08a88a	34	男	财务分析师
43ff0c40bdcd00896ee30f8bf97d0813	57	男	市场营销
440daf62798c53ed45a8cd3a2dd3c7cd	50	男	销售经理
441ec5d523ea079300744b2a1e8a6171	26	男	销售经理
4440e5522c6a17dd86619b24b341363e	60	男	销售经理
4447dbde63c80262037be9fa95b0947b	65	男	会计师
444d8b0772598e08a5db53ca69269610	56	女	技术支持
44809739201ef9a1bc61104c69e758cc	46	女	项目经理
44ce940029b3021310b0403c3aa86ab0	59	男	人力资源
45242d09831efcb7f44e451ff154a272	43	女	项目经理
4597d7366d6b61705649db058880b9cf	52	女	数据分析师
45bb6b0b3c16c078242ff9e96f77370a	42	男	市场营销
465cbadb1e63048bd4a0b24a6452a037	41	男	会计师
46762745623fddb8b8b2a70a6391cbf3	30	男	企业家
468d0cfda1a8d6dbb35d2a8cbb97cc63	24	男	运营专员
46a82e009b2a37787dd7d24145bd56d4	53	女	运营专员
46ca89d4646fc8dc912524bf717270b7	62	男	产品经理
46f6a94cc0b2f3ab8607dd693556529a	37	男	项目经理
471fd8124fe3279f833b891275fa7611	18	女	咨询顾问
47599ab96fb7a28a4e08e2cc79371d34	25	男	咨询顾问
476a18fb3cdb96a137e9cbab01ccb1d6	63	女	律师
47950dbe036c32a90744ca54bfe044fc	33	女	自由职业者
47b6c3eb09efe9145a1c981d56151bb5	31	女	咨询顾问
485723cdca0c2675c7425f97f4135a11	29	男	技术支持
48774752f3ee92993b8c86ba84612cdd	40	男	会计师
487f42ef6b29a456e03c381d9990d7f0	32	女	技术支持
49434649c2cf16498b3bc53614d044c8	45	女	软件工程师
49739a1e16fe2cf26c88a2125022b285	51	男	人力资源
49d30cc85fcd9fe55d2c3e98941715bc	19	男	市场营销
49e6c5d64ced004c71a89056de14b019	49	男	销售经理
4a0a7a25a4f2265c66e18ddc79c073ae	40	女	自由职业者
4a18c7b9c86ac08ab3a96dfe701d9105	39	女	市场营销
4a7a3a6d673d4986ecd60090b4126641	42	男	研究员
4b5f2efd071666eb28be4ea50c5aa2e8	39	女	学生
4b5fec070fd108bcbd0b475fe9346c40	39	男	学生
4b771fcfed51f77699dc1d01a85dd653	59	女	会计师
4be53b52cc355499a8790de2bb13f16b	23	女	教师
4c4791e786e707ce19f25332ae5a27f5	32	男	销售经理
4c4e656c0ad4e88f178e18c577303dee	60	女	会计师
4c68b7a53d017862769453cca6d6b62e	54	女	项目经理
4c7a828abd12f7040f3e264c8a847efb	50	女	企业家
4cbc472038b456fc79df840367c7b192	25	男	咨询顾问
4cd9740d7df9cda2a5e024db2a6c607e	61	男	教师
4d18a54949a0b522fda6430bc9837fb6	61	女	教师
4d492408986ad8c6ed8f883d07906c7d	22	男	律师
4d5b881dea31cd90b7c8219fef108b8c	56	男	企业家
4d60fe6f2d980d030804cfdebe1bd22b	21	女	会计师
4d707613450a1a776fd6814106b80e31	23	男	财务分析师
4d7696b6e486342c48f625d298f63fcc	62	女	技术支持
4d97c1cc651d63c2556b0a0373f4c43f	49	女	咨询顾问
4e2e9806772d128c769e7f5e5fdb0955	47	男	财务分析师
4e421756fc2decbc4e3054d70ae01abc	64	女	企业家
4e7301a54728ae81549b7b0ec12607d3	52	男	项目经理
4e8e79ee4bd32186150a8bc503d5319f	57	女	学生
4e92ac6a8ba5e8e6b2db0d223a1fea15	33	男	软件工程师
4ece272f22a38c3e1dcb0ef2bda3974f	30	男	销售经理
4f01577fed890aa1c13a5c5b0c5790bf	59	女	企业家
4f29ad064b0e1d52fe1a8aec23c429c6	47	男	企业家
4f3e44f72fb1cedfe38c27ecf8b5b07d	36	女	数据分析师
4f6fe1038c0496227bf8e97fea74fb9d	34	男	UI设计师
4fb0510d1cef1c9e0b28e8e9dc1f6fff	36	女	UI设计师
4fe969019c81695d2103644f1aeaad45	45	男	学生
4ffaa72f18e3322e099f1768c7785499	43	女	自由职业者
505d8fab44e0819826a2e75fbf0f6c67	54	女	会计师
507bb2d39c8870cb3668b289727a930a	43	女	学生
50d91f607c90884705150079a900864c	40	男	咨询顾问
51a8283f7ef20b8a2a5a81f5d6e19dbf	26	男	律师
51ea0dade8beb2ab427bb1dec26c93f1	29	男	技术支持
51ec605181c857f1a81c94afcf70b9eb	18	男	数据分析师
51fc1c8bff8fa2f06aae895a6d3619be	18	女	会计师
527cf595fd8b13680418b0dac4d415e8	64	女	自由职业者
5281cb5316a618b659c5cf88007355ff	51	女	软件工程师
52b772a6adb1886d6d7178709a31555d	49	女	项目经理
52e8bfeb87002a306bdd30b48cfcb3ca	65	女	运营专员
52f39e5a3a44d9e72d37eda7017fea05	42	女	企业家
532a2c4f054e48b8e906f620a5f8e870	57	女	医生
5359cb508d6b1c1d4950e444b5398f97	62	女	企业家
53a5af3ff29f57fef176a8651f6fdab2	18	女	咨询顾问
53ef6f3a79f17f7cefaf74f9808f9449	33	女	财务分析师
53f4a8c2f1207cd80ed76db5987c948d	56	男	研究员
548f972e166f23c28eee99930d7d3a45	22	女	人力资源
54a4db28dc7da1c0b3f878a5b1d32c9b	39	女	产品经理
54eb091e5606c51ec1dfbcf7783610c6	46	女	学生
54f3d2cd006f8ce0966deba253058a42	20	女	律师
55361202828d50578a25a5d972ad4a54	29	男	学生
55496dbc6f02e492f7c6b2706a15af6f	43	男	运营专员
556b7530af9244268b6209cccc031457	33	女	UI设计师
559e0f4f3be0c0b86c91543efb6044fe	54	女	UI设计师
55adfc8ec3611a931fcea39af322a282	39	女	软件工程师
55b887a9f4e1143720a5084ac87fbaac	46	男	会计师
55ed9f585a43870d7ca1524d2839d964	31	男	数据分析师
55f8930c75bbb51a11c48f40ac220b8d	45	女	市场营销
560c5fa6046489b632e176f73427e12b	22	女	技术支持
5627c21e1da5f31ede79bf730672682e	64	女	数据分析师
5647567ed2fb34a3f77c68b2924685bc	47	女	企业家
569f62c5481dcc8aa9e663ff20b9eb4c	63	女	教师
56a6b25eb40cc6623608e882a84cf122	22	女	企业家
56be1529886a3e1c35fc38f5f8d6e418	29	男	技术支持
56d1dc7a36eb913b756fbb71e071a64a	33	男	人力资源
5714305f0bd7a0400fd34d237bebbe6e	43	女	人力资源
577f6d7c1efbf899766b13c28a19eb36	43	男	会计师
579e1a721708fc4f3edfa993ef9b0321	65	男	UI设计师
5804257f8e8c717c250581da511d59e7	38	女	销售经理
5814181643ee1fdeace58337bca57dc5	56	女	软件工程师
58204f2dde60e15ce145d1787d49d1eb	53	男	教师
5828795ff0c768adcbdb4e1188b022a7	50	男	项目经理
583146c4017bdb2c0f888b21c75fc798	47	女	医生
5854d3222b4ca529a94b6296b915fbed	54	女	运营专员
5857885670d422914c4f59107bd97fcd	40	男	自由职业者
5873c62dd3dc6d5549041adadee2de59	27	女	研究员
58972e3d049f49dbbfeb1d133dec0588	22	男	销售经理
58c0427b265d71cecc7931717446c584	53	男	数据分析师
58d2879347a8201111451f0d2a3895d8	51	女	技术支持
58d8a98607da6766bcaf2dbeb22cc863	48	男	学生
58f8501eede1069b3eb882b6621e0e7c	27	男	人力资源
58fe21c88deb9b0b74af755914e19016	36	女	市场营销
591dd499b72b966df3d3f66493291063	49	女	市场营销
59a0796cc84107c22fe280a259530999	18	男	咨询顾问
59c3eefc4d7717419c398053c28afb18	22	女	企业家
59cab4b1cbafa020b4543786b2c026d2	62	男	数据分析师
59e8fcdc2baa74584356dee6b44b6ab4	21	女	医生
5a0a6491706d9ee771ae6ae9dfc579ac	33	女	会计师
5a104e8ae0df0bfa148e659d929bbd1a	41	女	咨询顾问
5a174ea6369f81744e384d1368f0a42c	33	女	财务分析师
5a25d510ca3e7039adb0b84aae9e65cf	19	女	学生
5a279da7581ee387a9d81bed0225e896	45	男	人力资源
5a75d7c03f7ac28dd699743bf0578526	49	女	研究员
5a7e9ea7dcb88002d3705d8c3f01d1f0	44	女	研究员
5a9bf5e89355025166fe98c181d618f2	37	女	项目经理
5ab5e67d48edb09802aee8a22cdb09dd	41	男	律师
5ab8cfbc9770bda97fc00ce37f2f4897	29	女	软件工程师
5b238ab9124a13140d584b176d0698ca	52	男	技术支持
5b58f8b0b6c63facf2f6df21dcc41766	50	女	项目经理
5b6914b7cb27ef6c2d5db8f33b90c855	50	男	技术支持
5bbb2526f023a65dbf290ae944ccfe83	60	女	人力资源
5bc6f133499db9fedf072d416c2b3875	54	男	技术支持
5bd9196a87eecf318c3603e442288eeb	29	女	运营专员
5bdc8c78bfd883398126e3438ddc2f08	20	男	产品经理
5be0e77660fb38a8748400364ccb6e1d	18	女	咨询顾问
5c30a062c02cffbf073365d06986458b	50	男	研究员
5c7c89e6278fbb3b26e8b1e47e638f33	57	女	运营专员
5cb3552b97156a1f4f13856fe4d5d0db	27	男	项目经理
5cce5b06703112649cb133b78124ac78	60	女	会计师
5d064916af3778379e1337a1ca54c30d	61	男	财务分析师
5d5ff5774f2b7386ce5889e01b4e1a62	46	男	企业家
5d792e8f6de572f21a912ae8e449fd9c	30	女	自由职业者
5e01d32bd7accecb7708c1feb3cfff56	29	女	销售经理
5e20af3515e63942c5facd14777ca565	48	女	学生
5e2f515c142f09acc46104e6d9c5f590	63	女	教师
5e3802dabe7ea98ef3ffb7763513296d	19	男	咨询顾问
5e4e5192ef180850161b45de9c4805d0	52	男	运营专员
5ec07df0ed466b01b70dcd20e2e3bdae	40	男	律师
5ecf120068a659a1b5cf2d3cea0e26ca	34	女	数据分析师
5f196f3bd1dd259b9a671d796c2d964a	43	女	软件工程师
5f49b4e392c30acb060830e2f6678d8a	25	女	企业家
5f5bfa61e59af09758f06052861a8871	46	男	咨询顾问
5f69e585645d023de50a0fcbb4ad05c7	43	女	市场营销
5f9693a045453d7809532f5ddff62756	27	女	医生
5fd94cb4b1f539be99741379e3277af9	43	男	人力资源
5fe8ad1884919665fc8c5f4589557722	51	女	软件工程师
603a49cb1bed2ad3f8d666cd55da0f91	58	女	技术支持
60830e4303b6fad71d4eaad7c52b0c0a	24	男	数据分析师
6099e2b0830ff54c8016c05087d7affa	21	女	项目经理
60a78904a5a9bc7e78d8e8fd07d040d8	62	女	UI设计师
60c36dc479a0c01c160fbe0354cdda80	28	男	产品经理
60c428af56dd9b6e93e1b1dd4333a0bd	46	男	项目经理
60ce12098074773ddcd4e37385dd4e8c	53	女	UI设计师
60d5388986bde9d8aac21ce236e2a10d	42	男	人力资源
61294c09d27a696539097e2c8080adeb	38	男	律师
612c493416103492651cb8095bce4450	53	女	医生
6174aa0a8a440b73b5ace21d8b4865ed	27	女	研究员
62525b61ab36566bc1828340ab31bca8	54	男	会计师
6270da10f421dbc7c066b4846f128b3a	26	男	学生
62b3eefca8070951cb3cf73bf7b8c558	41	女	市场营销
63039a54618bd41c39a58249013f5b7d	52	男	医生
6327a312cb50ae4fdada9c622ea59b46	52	男	咨询顾问
63645c949112298204faf19e43f04a41	65	女	人力资源
63ce3b1bd163bd1028a8303df88178bf	53	女	UI设计师
64062b6da6ed3d92b10d877d1689c76e	35	女	企业家
6439a6985a287d7d27dd18c8b5eedd71	56	女	产品经理
645a23b49d1cbe68458b52194e477640	49	女	市场营销
64789e9481bca52013d512b39d653dbd	41	男	UI设计师
64882bab58292f41d11322b5a99ebeac	40	女	数据分析师
64b304b1159d0feaba2eb346a7f3df75	49	男	技术支持
64ec536f873cbcfd61d9a119b285f47d	54	男	产品经理
650d9ea7387a2b85fa25adea239dec73	29	女	人力资源
65209c9cefcf7cafe8a5713ab011aeae	30	男	研究员
653e4d16806b26039b6a7488f8841b92	40	男	数据分析师
655b7f67008ce79cd1068dc51f075e87	42	男	研究员
6576b82340e77c355d234ad9f9fe7feb	52	男	人力资源
657b60ddda131bc3262a0fc604fe34c5	58	女	运营专员
661217cba49144a84921d8cc36b9b207	47	男	市场营销
66574e08ff3f9b8306d0d5f621633444	34	男	运营专员
6676b0730c5eb6fd632254812ab98c4d	37	女	销售经理
668ac262efc0a26b1d6dfba1fe677956	65	男	软件工程师
668bb1cc83f70196a7f95ff464d4c153	42	男	软件工程师
66e71306cd657b2fb018c6a13d63ba23	39	女	人力资源
671fd117c825043bc3f39a1f6b214924	30	女	软件工程师
677db3024c8ba0025261cd9227fe90bd	36	男	市场营销
6786fb391a56c9d862c88b66c188b6d2	53	男	运营专员
67baf68f017cfc15a8ef3f34131dfdff	29	女	自由职业者
67cbf6e5a6f79d31524de9e2962a0f03	58	男	数据分析师
67d942f16a40a6e4550c338547231f34	36	女	咨询顾问
67f496b08578f38754db25c77bb19020	29	女	自由职业者
682a3fe2c869d81bad5d1b698a8f2c7b	26	男	咨询顾问
685c2e495ad549ecc0c35c59b510b6a2	24	男	技术支持
6894d8b27b76d8d38b7d93a9ab67017b	45	男	自由职业者
68ac2aaac53b3f3f4595b799405c172d	31	女	咨询顾问
68aed60408abb308d7cf979778e0c2e6	48	男	产品经理
69200991ff215c30ff6eaba2ab68ce1f	36	女	律师
6945cd4e975a1945dabd93a9570eaed8	64	女	UI设计师
699de2f867025e2b59073b8794fe409f	33	女	咨询顾问
69c0c0a665cb8f5dc4b48fc718b46287	22	男	数据分析师
69fdea4278611180f6f768f6391fffb7	52	女	技术支持
6a245db8d531121c24741353046ca747	29	男	数据分析师
6a777cc2ce05016f605344da29b8b756	42	男	市场营销
6aa93b53171bc60931ef05b8f92fe4a5	38	女	律师
6acf10c59cfe4216f702efb26dea8a8d	53	女	咨询顾问
6b13a704f763cc94b2548389ed150978	40	女	UI设计师
6b2f830e557f9c4e609d77511ea14f11	33	男	企业家
6b6541d16550e645bc5b3ea96a3b7931	56	男	会计师
6b7794f4eeaa6924c9cae897d990da1f	62	女	人力资源
6b8dc95143b57b37474477b4ea439efd	59	女	教师
6bcf2ba17ac4727f9e552908a8b7f48e	56	女	律师
6be2b4a56d5166dafe6cbe0b72c01a9e	31	女	UI设计师
6bed06969d00ee531367098c92a9beca	48	女	会计师
6cbfe4bf0b6c2820447c5ed8074740b4	22	女	市场营销
6d2d7180192da15093078a0f9f919ef1	52	女	运营专员
6d54bf5fe037aac5a94a2937281966fd	40	女	数据分析师
6d7636b67cf87ff5a8449ccb4049d5eb	46	男	数据分析师
6d86d494a1862ba251aa51a46a8d4035	60	男	会计师
6d907b072f3e1588cc454e532eacef63	28	男	医生
6d992b14cc97d295d22b354b618866a1	35	男	企业家
6d997be5d21aefe1fcaa6163461ecd1e	64	男	研究员
6da339f7f86488b48b7fff7cdc74994b	29	女	UI设计师
6df7579eb8d6c106db253ee5aff9ec7f	26	女	医生
6e03d7e2a7c026e3a6f3a89c0fe697ac	27	女	产品经理
6e5bf5ecba4d5ffcad65d46737071d47	61	女	技术支持
6e96c6ae35e7b84437982d5130e8fb7c	34	女	医生
6eb52cc2b756f66cb9e646b3e1925d7b	55	男	研究员
6ebca840a41372cdf279ca4d32ee7764	24	男	运营专员
6ec6c9af1fe2e274773440a4d54ca457	63	女	人力资源
6eea1629bc624114d557f828ad088178	30	男	医生
6f2ede8b83562692f8065fd5b3ff3b21	57	女	UI设计师
6f59a7701e0aa73023278974c9689274	59	女	研究员
6f7d96c79a15748b42e5bb796235057f	26	男	会计师
6f89c0a3cd00cfcb2f1ea926e6810b74	44	男	技术支持
6f967a48608f411e0226d00134d6db34	19	女	软件工程师
6fb9a93796bb1c1728aa6fd8e4aa00d0	22	男	市场营销
6fc025c27011016b493391c4203563d3	46	女	教师
7028caced92cc9645e3c69a1ac0c21d6	54	女	软件工程师
702d7c412f3674991f57580a4c87c562	55	男	运营专员
70343327a351494cf0745df4f272d1ca	36	女	数据分析师
70379890b0bdced6fd11072b166f5eca	25	男	软件工程师
703a5ffbc2931417284630df9339c468	65	男	自由职业者
705532133ecd4582a3cadc2984ea5731	62	男	律师
7081f3686a2de224dffe74194e19926a	18	女	咨询顾问
70a49e23f62543529dde72469b9b5043	39	女	销售经理
70cf0c0ff4d95ca3dd85a6a8b832357b	34	女	项目经理
70e4233b67076357342843e92b513737	24	女	研究员
70ebdab05bb8558e0af461bfbba268de	42	男	产品经理
70f4d53784bf24e2003f95ff3ca1d327	62	男	销售经理
71139b9b847e04c8843957408108a325	21	男	数据分析师
712b8800596117588d437730326d5e7f	53	女	咨询顾问
721a96f542682828ee54fbae50c1a399	23	女	学生
722850eb78351df53adb17656032c6f8	48	女	会计师
72430bab01ddccb27a05f86859683da4	36	女	财务分析师
7246c95c3e62becfbe3f6f0d3b23d835	61	男	医生
724b58dcd800289247b51bce646a604e	56	女	UI设计师
728120b8aaa9567ded3feb19cc81fa14	44	女	研究员
72922e82ce84ddad63f7daaf8f1dd16d	27	女	自由职业者
72ad87d751979b64706f393351c31dc3	43	女	产品经理
732c07650f7553713001f8b235daca60	36	男	律师
73499bb4ed4cac08af7022d41b7f8a4c	56	男	软件工程师
734df0f114dddc3be9cb67c2c1d14e50	20	男	项目经理
73993fa184693d787eb4773cf03f7ff9	62	男	运营专员
73ab09e7ec242bd1820122b53971add6	30	女	项目经理
73cf6f02be14abb8f5a727c04b1f76b4	45	女	UI设计师
740fb5bc06850f74150b2e3d796276a9	37	男	学生
741c7c442dea31ce8c2a05b6441f3e87	45	女	销售经理
7426c08ce2c2b102adcd76b0e2a832e1	25	男	律师
747bd3244959ea8a766cbbcc81f9180b	58	男	自由职业者
753531565b58cd17889fd54fa5987b6b	56	女	数据分析师
754a9429433fa02b93cfc72270a71c2b	18	女	产品经理
759830704f3dbad832621969cc50701d	20	女	软件工程师
75ecf3c04be3995c3d0d03e503ad71d0	30	女	数据分析师
7626871034ff6f96a7af4c9c7c5183cc	45	女	研究员
763f10e9803c83b51becd3b9e1de65b4	42	女	研究员
7647bc24cd4d9d53271780be8560ee06	50	女	会计师
7673af50a9bd3e7b78c892ea618cbb56	55	女	UI设计师
767641c230c327079108e6abd0b35808	23	女	软件工程师
767876efcdaad424339f4d88d9367f2a	61	女	销售经理
76a7eb86a9f381e78947bb6cb8b28b11	62	女	医生
76b65543d0036cdd485565a3908805a4	49	男	会计师
76baef9d83a0195e2fa7c28f8feb1110	62	男	人力资源
76dc562654e567a2ab0b6714b710eb63	64	女	研究员
77044a0479aa1aa56b2838de19d712f9	38	女	自由职业者
772408c9fdf8d8917329c15379e3b23d	33	男	律师
775187c11b4931942fa2aeaed190f0e1	38	女	教师
7776e20e303ebf37bdfb976ded135efb	28	男	教师
779947efa843c14afa522e0244cd70ac	54	男	数据分析师
779b305a6dde391ad73d617f8fbe7e44	53	男	自由职业者
77cf24c7bec0e9def53653553a64b94a	52	男	医生
7819807621644770fe09121ae38b464a	36	女	运营专员
781c2d58aca1eb8405beafeaf6b50803	37	男	UI设计师
7836b82f6fc5074af1bebfffc5104956	35	男	市场营销
785e92c2b81e16782a0e9473a090d533	64	男	销售经理
79304e258e5b62cfb403eb41b37d1586	58	男	数据分析师
796d258004ea2b6b78d52e1475f0250e	31	男	学生
796e71cf88d9351a9a3712e3f01759e3	32	女	研究员
79b4fc4501827d79fbdf40fd2ffd1e67	48	女	研究员
79b9ba768828960d25ad747369a42b2b	18	女	教师
79c0309e3027473528d691ddd0acb76a	20	男	咨询顾问
79edfbce44735df3cfaf41f0b4ed6e73	33	男	学生
79fb9924905ec0da7742dfcc954016cf	40	女	项目经理
7a04fa3377cfa7cd5ce716a2f27221ed	28	女	研究员
7a4a207d3bf89e7cae87471de3ef4c5f	29	男	医生
7a674478c633e77f8cacfb1b16108677	27	男	项目经理
7a9abbb637120f05849f09a7e2f1aee1	49	女	咨询顾问
7aae7b545ae5f0b8194565a8fe754fee	33	男	产品经理
7ab599bc8cc1eeb5da05c28b17367bfb	25	女	项目经理
7af3422cf8146084d77f2d543cf821db	55	男	数据分析师
7b39d826af616e3110670db4202bf039	29	女	咨询顾问
7b436b5803f837745a095f232ca55ab2	41	男	咨询顾问
7b6a5e6d3f1da335b9a2e2674347a712	45	男	教师
7b952e8e2a29c3f475f1aee0389d5b56	25	女	自由职业者
7b9e2b3a48ff7108842ccfcfffdb7ab4	45	男	产品经理
7bbfe2563f683b2beeffe2de9e153ebe	53	女	UI设计师
7be9e2f54a74505d134cb85ecc7e754a	43	女	数据分析师
7c211773410e9c7cdfa028ca4c9121e1	25	男	产品经理
7c3a9a3afb466d237d57f47d0032bfa9	45	男	咨询顾问
7c4bfedf500d1d21671b6330cc363a76	45	女	自由职业者
7c6b015daf423e513cf7df30d26fb763	54	男	医生
7c881fdf1561ebe70cc7e5ab07bb632d	58	女	项目经理
7ca0ad4f2e00d401b1ff1478ae6a5841	53	女	会计师
7d121f4958c8f38db0d22cbea160c7dc	44	女	技术支持
7d224e2828a11c7bdffeafe704f00786	34	男	教师
7d30709034b4c1a38348bae3e4d05a01	26	男	教师
7d31c492a7a4835569e81942b51cb433	50	男	企业家
7d67a1bde70733f1f116eb111afcfe20	37	女	项目经理
7db3e1b5d3024926d3378d46814ab4e1	30	女	技术支持
7e17c09cb041c27a419b4082941da82f	45	男	教师
7e50ddd293b3a5fb91dcd3d343ff0dc8	65	男	研究员
7e72a537f1f2c8593f347f55c2d7ca14	46	男	医生
7e8cda3be1eef98c0048af170c1aad9f	30	女	律师
7e9b1c8ae89542a90c87a2de6fab194e	63	男	技术支持
7f42ef2d1340cb06647546bc6a08a3d5	52	男	项目经理
7f5289ce8f0e90a5dceebfa63a3590dd	23	女	教师
7f7d1265d195637698ede5a6c31b417e	35	男	自由职业者
7f8eef03476726ff78d7934491dfe030	22	男	会计师
7fc80def479471ff16d642671492159a	64	女	软件工程师
7fdb68d92f7ec0efe8f227f3ea95dcc2	42	女	项目经理
7fe17bc69d9ecaed7cfdf987fbea35cc	19	男	财务分析师
7fe8a4ec18f149da0d4d56f33c73a061	27	女	学生
800480fd178beb4ef8a8aadebbf7fc8f	47	男	人力资源
8031762abb9ba45d0c63e8b52fddce36	62	男	运营专员
803d51699c6fe4f5d9bd28ecf83539c9	22	男	项目经理
80579aadea4b0af80478d8d91ed2bdaa	50	男	自由职业者
8059bb7b1892f11847f6fb149ee8d713	18	男	教师
80b2f67d86664c8dda3c0acd16cb0047	35	男	技术支持
80f45841589a11d87d1c3433a0292476	49	女	运营专员
8135e735d3698ff8dd03a30dfbfd7396	64	男	销售经理
815b68ae377ebcdcdecbade1691341b5	28	男	咨询顾问
8188e056931446fef6c1dcd0d8d1a574	38	男	会计师
81bd951dc0c6a9717a58250873b8291c	43	女	人力资源
824cdade4cfc99b609001b6dadabd16e	42	女	技术支持
825ce0d1664f7ac140e27f503c35b912	39	女	咨询顾问
8271ade867605870a530fe33188ea2db	44	男	企业家
82723ca6753cfcbbce28572f9b0c2e3a	30	男	项目经理
8275a26fd96d8df6126151b05c31a448	50	女	财务分析师
827ab6cdd4664d596d2186b10c06faed	51	女	研究员
827dc45cff5a9442066b8aa3a6162678	58	女	咨询顾问
82a0be16f65a07ea9a0e42aff70cbc89	52	女	律师
830728b75fb9b76c02ccadacf6809968	18	女	销售经理
831eba1d473409f926f756fa1f5189b2	38	男	技术支持
8341e3329ec30f90df1bc91fd3a062e6	65	男	市场营销
83482668aa82c32595f450cf616a7253	23	男	学生
8378dbd43796913b289190c7f3bd349f	45	女	企业家
838f3259d148d21ae90b07ebc62285ee	34	男	自由职业者
83a295ccefac12c06ea11ab6f9de0f3b	22	男	项目经理
83baf7baa20748ef4786e8a1d9643dc7	48	男	销售经理
83c689df9e5cf3568f6d1972a7546f48	22	女	咨询顾问
83d1c11bf31862cf2b82abea6f62b0d4	55	男	会计师
83e15adfd71898f350b193125d6c169f	20	男	人力资源
8402d35c88ecb10e83145fd064124d1f	40	女	医生
848ce4da5890fe8bd692f4d7b6f73028	54	男	会计师
8501012766e3a9469a505ad1bb680ae7	54	男	律师
852a603b284334e45dc34fe07c90da93	27	女	人力资源
854551c66259c95a294e73316ce689d1	27	女	数据分析师
856a933cd05e84f4f1f372547510bcef	36	女	人力资源
8592bf9b4e14a3324a630765bc8dad40	34	男	教师
859fb3370fc93a065df1900b7e02abf9	38	男	教师
85caafa37141477e94ee5e741cd05f3d	31	男	运营专员
85f411af8ff72731eb666c06c6ef10a9	26	男	项目经理
8605efe2910925bfb9b4e8c7c47524b3	63	女	运营专员
8631574d21e57914a77922571b30a3d7	18	女	咨询顾问
8642379dc450c9b32745b0111c24baf8	62	男	数据分析师
8644df0fbe2ab1c5cadd681b5af77bf8	30	男	市场营销
8673250af7bbf9e6a0e7320b4b4d2363	21	男	运营专员
86a5b504bb28af3c97db151616a58848	18	女	UI设计师
86ad20acc96790f0ef46a63e63f28d82	57	女	人力资源
86b29b43f88d95783cc9ef5833d3ea06	49	女	UI设计师
86d0918d6d402cc258c531709fe1e801	51	男	人力资源
870fad1736b338e0d94c233f90161e98	45	女	技术支持
87104e59bbdc24b38f4ae502f7bb7c58	48	女	数据分析师
874ec59aa1ab867132652158378ac83a	25	男	学生
87526aea19c05cd7388015029315b060	56	男	自由职业者
87547c13b2ecfb076f3e234b8d942684	43	男	运营专员
8759d298a5f1b7eb63631699f246c32b	51	女	会计师
875ba1870cc954ce4c56d8e6ba745457	20	男	技术支持
8774218a2a226e74086497fcbccbaf6a	29	女	人力资源
87de0d9cd81eaa5aeb2430daf1db9062	18	女	销售经理
87ed87f7ccbd1da4a4fa772f9970cb7d	61	男	自由职业者
881b2e89c3342a4b6d864062577f521f	22	女	数据分析师
881df3a2968377b160e64c4d512c8f43	47	男	律师
882d061668668c94226cab76f9bd7738	47	女	产品经理
884ef33d3e5074ba2075aa076fee6a07	34	女	医生
888562e1035b778efc831c991d920f9f	65	女	软件工程师
88b172b99d8f6745591ac6da9fe87bca	64	女	数据分析师
88c8c0d2e9bf91f2bf55048543491c4d	40	女	人力资源
890795dca60f9626ceb9d97121b7ebda	32	男	研究员
892aedb63ffefbebd52204f731714e6d	54	女	运营专员
89486f6af35a24e68ec482a9f41d7885	38	男	医生
8950ba8aa2ece04ef1afa40e0682094e	31	女	销售经理
8975da9ae9915416b5022bbe5878bf3a	19	女	学生
8984ef0b8d251a1227c65113120f029c	28	男	运营专员
899a3e32ac7e84927edefa0ef5abf2e0	56	男	咨询顾问
89a3e8004adff87ce3e94deab6132396	55	男	项目经理
89c426f9c26048128f27c2292ca31901	51	男	产品经理
89e37ec3abaee42eb80178ded0409d38	55	男	产品经理
89ed7109b07654be64a296c4a300aae5	51	女	项目经理
8a09e88eeda69f0a9f1784c5aea7f684	35	女	企业家
8a3438352e0750e741d4950633695da3	47	女	市场营销
8a408004198ce7c824d6dfae880069ee	32	男	财务分析师
8a5fc2f05f77a6eaba950c5bbd15c3c6	44	女	医生
8afd79adb1d8cfb7c002465e7c384bb6	51	男	教师
8b05e4a318c9aef453538eebafa5ed27	55	女	UI设计师
8b29799c2eaef3ded85991122dabe30f	50	女	会计师
8b4b8d675a2301ef426a8f3f9301985f	41	女	咨询顾问
8b773d7f512300d80aa69bdef57f9342	32	女	教师
8b7b113ac03a834dda25ee5c058c3fe4	47	男	学生
8b9aa538b84a4feadfefda3ea0ae1df8	59	女	医生
8bb2b496e2e260dd250896c794d83ef7	34	女	数据分析师
8bc0fa73d3e1ddfd9a7e2391dfca01e9	22	女	数据分析师
8c1213ecf6164d1bd4cec0f5198c709b	46	女	技术支持
8c5dd7056e8ac6720e99a450169c4893	21	男	企业家
8ca1f2bc75465567b7127b90914778d3	27	女	教师
8cbe91f132e697327a0a6cb9263fd1da	34	男	数据分析师
8cc3dc48e50461ed0e45bdb591ef5734	27	女	项目经理
8ccb58f2de26af1c30ca2d4c81b2e1ee	34	女	咨询顾问
8cce124bf04961ce61b974d0cfc665e7	37	女	销售经理
8d04b886446aafcd7e5208d868dabb08	41	女	医生
8d092126e7f1347f0ef029ce18ab99ea	22	女	产品经理
8d3d9bc06c1ed58ade38fd03db5d7cd1	51	女	技术支持
8d837d84f65388e77d7fadba9969658d	23	女	市场营销
8d85e9a7ed41f6aec3e98e761b6b03b1	19	男	数据分析师
8d9b365d2e2b69da901c49281493cf85	30	女	医生
8d9f88bd50e0ffd1fb4fcd61ee868356	60	男	软件工程师
8dd743d0c9e458c158e9353acec6df2f	60	男	技术支持
8de57ce3be4d8fcc483f08df5d32dceb	65	女	产品经理
8dfaecc592898c4a588b8f19085f0f2e	28	男	数据分析师
8e0e4091f73fdb993df273455a123dc4	64	男	医生
8e240413c6c4d44998658e86116c2de6	40	女	律师
8e35c7357f0581feeaa4977dd0beacfd	33	男	技术支持
8ed214547efef7d64a0c86f6a8839125	48	男	咨询顾问
8ed328bbc30dccbdecd07c9fc3c54bdd	28	女	医生
8eed060d56d945ef06dc30d7024b86ef	33	女	数据分析师
8f0a2502ec25d08d2a6ae8c32267ddae	25	男	自由职业者
8f2795bd08c9a08cf8a1c839ea513bc3	21	女	律师
8f3c0e95deb408170d8c9228e4510992	57	女	市场营销
8f4f11d778507543688ca4bbc0eb028d	21	男	UI设计师
8f7e96f6617bc549d915acd151a247ab	42	男	销售经理
8fa423605614bdea427a5934edb7317d	20	女	自由职业者
8fb9463c066dd6935541f8277848dac9	49	女	企业家
8fbe4df587dfa56a0436e71d156f1736	20	男	市场营销
9000d5d596067fcd14a87af62750b19b	44	女	咨询顾问
900a8dccb15fbc0c96afe2519fc7b762	46	男	技术支持
907f634a5589db04942f2695b3a41417	49	女	学生
909e0de46b27d2bafb165ced8578551a	36	男	UI设计师
90d92c6c1e56211051a5326592bfe2ad	38	男	数据分析师
90f651480e17e07d891fef750e993577	22	女	销售经理
914a91b9f43c858f66bacb5eb8a2d3cb	35	女	数据分析师
915fe52e1c1091b9c86a7ef215796512	45	女	医生
919b31613d6a5a663eb78790bf1a2885	59	男	企业家
91bee4d10226a83d603af4bebc23763e	39	女	项目经理
91cc77bb58c5076eb0e63e6d428a2ee6	38	男	销售经理
91e2de9779f635c0b9765d979aec09f8	23	女	自由职业者
922e7167c2a0bd930b18b73e389a2483	18	男	UI设计师
926efd781d35496e94cdde07fcade756	22	男	运营专员
927ae54022643482ea5aecb0a52fe0e4	58	男	学生
928aa3deec5d80538d798478fb123061	29	男	医生
92b47d4c68b5179b3750c9b4228bdd64	43	女	咨询顾问
92fcdaa7a6098ea3398565fc73d45cb4	63	男	技术支持
9318b63f8cfd35ad9b88688deb5a3d14	51	男	数据分析师
935135711e2449987b3a12af250dc28f	31	女	律师
93703b390e9634ca2deb1ae44bfddea6	43	女	自由职业者
93a163f04932bc7a19307c97371d2a5d	62	女	会计师
93c286ce799a008cd5f63afb1f2f3c76	44	男	运营专员
93ff4736133629152197574ecb78d6aa	26	女	数据分析师
944837437a13e4cbb8e9b7149b316ae0	43	女	咨询顾问
94511a7956e3d582ad37378186ca9ba6	64	女	运营专员
9460d941f70952248534d9243f7cad24	39	男	运营专员
94a94f20468302b22c0d99ae01c0695b	64	女	自由职业者
94bfb55008ea77e8ac6ac0a52824d0fa	47	男	UI设计师
955853b8f6f8aae21b1f4e94c5571471	60	男	项目经理
9583fce48a2d177f1d33abb29db2b310	65	男	销售经理
95c8c4c271c6aa04e1d887556ab5e0f5	34	女	人力资源
95d172526976f3bd8ba047e06f47a3cc	43	女	自由职业者
95da5e71ae09e98190ed830034f04a44	53	女	数据分析师
95edcd631ebc7bd9fa8bf05517a1790f	18	女	财务分析师
960018b2aa09103ecb067747b46b31c2	25	女	运营专员
967beae444f95ecf2e2598eb7f99ef36	52	女	技术支持
968030a0defe133f6508c0891e2fcde7	32	男	自由职业者
96b33d9603c45d0d89ce2ffd593c0e7d	64	男	研究员
96ce374ce8c88b3476916e3aa35a17f0	39	男	销售经理
96f16b31db0b70ea17dfbee14cd1d435	31	女	研究员
96f9e6946a900d5a1192f8baa3f24811	43	男	软件工程师
9747218174953e9de5e42a94f9a2222b	45	男	产品经理
9855fdba290b28c7d17e577247e2035a	40	女	财务分析师
987e7f1657f11ba96dbe79652d7456ec	31	女	技术支持
98b5a979a36bfd7f226a97369d603cb0	41	男	学生
98d08411da41cbeb3d11bcb017f4cce1	19	女	项目经理
98e73e82259c0bfa8cb119ca5168aa74	62	女	人力资源
9932cc3717e65294d19007c8833a511c	43	女	项目经理
9952a9f2d7ad2789a4687c89b6ce1e61	31	女	数据分析师
996ceb00f1d8ad0ffa2b866073c23407	24	男	销售经理
9994556f4ddc72685f6afd9ae663c994	20	女	会计师
99d5f39872e32d1bcbe525f7efae9556	64	女	咨询顾问
99f7f96a7e4e73ecda3d96aecc9911ef	40	男	教师
99fe3bd38b550c97f2e039d6fc1f6b7f	63	男	教师
9a29825a73b251886817da31b7c624f0	60	女	医生
9a44f08fd7704c00112ccb6796f44610	64	女	运营专员
9a66c60d596189b2826f4c8ef15a4d39	62	女	自由职业者
9a698979ffadee212f0bf969f421bb75	35	男	教师
9aca7abc0170d5f4d5e15f33d4f63735	55	男	咨询顾问
9ad7be914ddea3da5c8fb593ec75167d	52	男	市场营销
9b0360a190ad886acdd34c2f17aa0417	32	女	人力资源
9b2c5e34de51d0347cdbcdd4047b6983	42	男	UI设计师
9b3d9ca7c7d6b4a709232568e2c929fc	54	男	项目经理
9b56f2d33f823ea2b580f0581a0b816a	45	女	技术支持
9b7f684a3a48c1b0dd29731ec1c3d01f	27	女	人力资源
9bf51d6956ac16263ebff3f29053e6cf	56	男	教师
9c0e266f1f0ea03317e06b83606f04fb	34	女	财务分析师
9c4aa9b2c88d0a683056393d6ff02232	56	男	学生
9c5ed79ce1d7bffec6ac7ce358518ed6	39	女	学生
9ca9406d529c8504980ef6ea6fabce80	43	女	学生
9cec35f9004fa5c5d73ea1a9e2fa6003	61	男	数据分析师
9d17cc4ad6f288514be7d360e0fb28f5	42	女	自由职业者
9d78c0426c5676eecf2dba1c41919d6e	34	女	人力资源
9d7cef6e7bda0cce92eea8c6908ee565	30	男	研究员
9da65fb0378620c547eb95b77097e319	37	女	产品经理
9db75d48da57761cb7d2bc9ef15b29be	42	男	项目经理
9df61ab93e9856cfba24bfd19a849a3a	21	女	技术支持
9e08d3543f4db795ad2ec46b8436c647	27	女	项目经理
9e272ec46cb8aba1f695a621f55509f6	20	男	UI设计师
9e3ea03487670f9611d92bd6d50f096f	58	女	运营专员
9e48f282a579cd2bafe13e8889015ad9	62	女	医生
9e9789b91e8c46d0e3241e526945acc9	35	女	医生
9eb148c37cdc6bb28e53b8f8ea0442a4	64	男	律师
9ec094db1c03d0e5a97ac4a12e448798	53	男	研究员
9ec10c75c550e12d44e26af295212b97	64	男	医生
9fadaf0460904270230368301edc4024	39	女	数据分析师
9fba470902cf6eb9218f5bef4dcb08fd	51	女	自由职业者
9fdc57b4250de1988d1ee8874436ed58	64	女	企业家
9ffb5b0424c706152ea2607fd478fc5e	25	女	技术支持
a019b5161a69d8aca90fbfd53c050c51	57	男	运营专员
a050a08256c4f7e01e1c423eb8f81a09	61	男	律师
a079fbca3dd0fa20f3111b1c0bf3d400	36	女	教师
a09cfe50b32439e70101c4fa344039bb	59	女	运营专员
a0d34053ffa5b1f91d8eddc729ad20f3	58	男	技术支持
a0e38858c4d6189800f73f0c2d2fb642	54	女	自由职业者
a1194ae180a8b5a3ba90a3cb510fef2a	23	男	产品经理
a12a29e9d9a40c45d1a448e6fcaf64a7	43	男	运营专员
a1717ee73feca27d51b3924bcf8ffc0f	51	女	学生
a1f49cc31e8012149d48172d48d0dc26	62	女	运营专员
a20d4895e64617313a61a3eb14296e31	23	男	教师
a237b7253c4c5d9be7e7a72a4fbbd7f8	54	女	销售经理
a2656c1d47b13280784d3381eec470bb	50	女	技术支持
a2a7f6b60496adb30731dd08361c3337	39	女	研究员
a33fa471267d9272ab1a75113bb86da8	38	女	自由职业者
a3573afbaf9fcd82a40ea1cf6d5ddded	23	女	研究员
a376a030d549f204497493529ac93e9d	23	女	学生
a39dfe774e231675ffe9d2fe0567a827	65	男	医生
a3a4c0d8d1bd4eb4f46ac900fb032a86	21	女	UI设计师
a3d935673b98da467e2ca0c669131924	47	女	研究员
a410c0db4cd2a984abb3a345505e54a8	28	女	软件工程师
a45063a212e707e520e49a6c7d2233b7	47	女	市场营销
a4682ef7886127e39f70904a12176d45	48	男	产品经理
a4a5687c3d45cee5a2347a48553f7cc5	41	女	销售经理
a4c408cb627e825141a51d32daf297a9	26	女	运营专员
a4c8732982fdafbacc4bb905003ac975	20	男	产品经理
a52df9d2f32a75d6f8ac344b4d381e7b	48	男	财务分析师
a57f40c31d0e2cd0cf5f7f419bb77ab0	57	男	咨询顾问
a595d5bac199f9f228cb79e9223d64de	54	女	会计师
a5c521603cb406d71436dd5e8475f5f5	53	男	会计师
a62caf9eaacecf68119d6518c8e8ada8	41	男	会计师
a6e8ca05ac34c958c874ebf1df4f7bbb	48	女	产品经理
a6f763eb25fd0c33ac38cad95bef5e6b	23	男	自由职业者
a6fec5ffa6bfa8c368ffa2c2c73cb779	19	男	企业家
a731a8b7da75b6747d855d094ffb391f	37	女	学生
a759608630db9852234336f7a71f1f65	45	女	教师
a75ea966503108c39db11796b9d705d3	28	男	咨询顾问
a789b35d38b73d68fadf123d59c6ddb0	21	女	企业家
a78a0e848670cec97bc1e0e66b263ad1	32	女	市场营销
a7d587c92a9dbc0ccf46eade6cfe968d	23	女	财务分析师
a7f3209e083fb9843d45a85db43ea8a0	47	男	市场营销
a8172dd0204a6f170dad715a904806d3	55	女	人力资源
a8a00b0665133d3de445aeb6ce28675e	19	女	项目经理
a8b4aac045bafc1cd3ce2db6dc32e7e0	32	男	学生
a8e4a568f0e290f61c263a61652a84b7	28	女	学生
a91e306f32c381748450f2894d327a26	25	女	企业家
a9398348a9d1ccc05e60917c82bdb2c1	43	女	项目经理
a942c719c592743b3369f84bbd356e0b	62	男	研究员
a9598de92309791253842f20c7ea80d8	61	女	律师
a95e808e03b2922f87929aa2ed66d337	22	女	运营专员
a97bb32a2142650e4a2c449b17b57347	23	女	产品经理
a984505ca4649c5882dfdfb4124a77fc	43	女	数据分析师
a99147efac220f6dc30ea9b424c58da8	21	女	咨询顾问
a9924233f2ff5807194dc3eaca0b1723	36	女	学生
a998330810900def7b7a8c2a6c8abbb5	37	男	财务分析师
a9ba9edcfa1e249380fecb0520bb4fea	50	女	企业家
a9c9c1b5c8b714c7fcde45255a74b6d6	37	女	运营专员
aa2b200b11c51faabbf559a52eef6612	29	男	技术支持
aa6b564ef2bc6f473d012fd5b2c7bcf9	64	男	人力资源
aa7178e36ece1ecad0c715c0144db3a3	18	男	自由职业者
aa77f2ffa827e61d952061ed7a4f8f31	43	男	人力资源
aaad78c95d2672684a34367a669b85a7	31	男	UI设计师
aadb53027ddae8112b833ba35b546e08	55	女	教师
aade8d0298995b2a58573fcaac1b70c5	54	女	UI设计师
aae1efe1c731cf17772e6341cc98376f	28	男	软件工程师
ab214e62fdcebcfaa2f3ecff7ed606ae	53	男	会计师
ab48ccc238bb70e22b3f1ebc1791f5a1	30	女	学生
ab5dfe945655595b7559647636c71e37	60	男	项目经理
ab6ea74ab4fd690e16d65c7acaf2532a	20	女	项目经理
ab9c6732ae9d0aecb871aeff7b34f4b5	50	男	数据分析师
aba76c32b761851df011e6e4c83b0d36	23	男	企业家
ac05414617a2926c46184aa312bdd861	27	男	销售经理
ac0d542fac0ce78cb0ddc78184ff49c4	22	女	销售经理
ac1ee63aa999a33aba9198436d8323a1	40	男	律师
ac404577eb23a522f529e31ff59e95a4	27	女	销售经理
ac4fba36659258a1466df5c9327fcee6	61	女	产品经理
acb0fa52da7a84c9afde4be1693cf18c	19	男	项目经理
accf42f1ec9ebac8336626b84b52d29f	30	男	教师
ad8df4df935761919fb1b2f86c6971e6	57	女	咨询顾问
adbedbe3e9bd476eed9d1cc73c62de30	19	女	运营专员
adc67b2aa5475f71e0a6b1fb6f200d61	37	女	市场营销
add0a360138d4242473369c7602d5ffa	18	男	UI设计师
ae2b1aad266717a702eba45b2192c82f	54	女	销售经理
ae42983034018567504afcf5b37562e2	26	女	市场营销
ae4608012b4d07f71a459aba070d071a	34	男	软件工程师
ae9b0aba64295858e17371bbd137771c	26	女	项目经理
aec808ef09d3ef4cebd52c469aded614	28	男	销售经理
aed142a7857ca217359cd5b6b7b71520	32	女	会计师
aed7ced78de8275ad4102b6b020c07e5	41	女	数据分析师
aedd411331fb5091785e3acd55edc506	55	女	UI设计师
af3fd54105e59c72d367490142378d1b	52	男	运营专员
af589f03924c485de4c7c097f59ceda5	47	女	教师
af675d40c933483c9ea335c5b5a68971	48	男	软件工程师
af6c5ea6e1ee4f9d2495f007fa212089	22	女	律师
af72cc40792e084d6ebcf79cc214ec0c	61	男	咨询顾问
af885887138f0154b4d95976a7efd99a	31	女	教师
afb392da35bfe92040d1754919d87f60	28	女	研究员
afdf4f541ce4f91a4eeb6990a8f5acf9	26	男	市场营销
b004d9cfc0e93c5e3cab6b7384b3d937	51	女	人力资源
b078317004c4437ede98f3c14590b0ec	29	男	UI设计师
b0897708b61418be06de8284935d7f3c	52	女	项目经理
b0a0846d52c5faa1be422b6e5c3ab790	52	男	律师
b0b89fb9a62a27bf544403e852cf3e17	18	女	UI设计师
b1682c83c25615f52c26b24916d1c4c3	57	女	医生
b17308873dd167252eb880635a2ccd15	39	男	人力资源
b179266f74b070085c91e09c9f8f28b9	46	男	学生
b1d9d65bc66018f05ca586a52de70320	25	男	咨询顾问
b1eb388d9612a59022b12b877350878f	28	女	会计师
b21c10419591b827fed3c8e08d336e24	58	女	企业家
b25a01e5382cc7f4d7e5f57b8cc25dbf	54	男	人力资源
b2de7928e4475c0cc52ae52cdfd7a551	31	男	自由职业者
b325a01df9bc372307009c4caaf5b988	47	女	自由职业者
b373b37bd9314415fddbcf4c47370ca4	52	女	数据分析师
b383bc719b58b0fe0e6bab58481d7255	38	男	产品经理
b38541b5f2bf453b613270c868879dbd	54	男	研究员
b38beef17ce39d795149699ecaac6f10	22	男	销售经理
b38f0781927e75743abe3b17e0f256e5	36	女	自由职业者
b3a853c13e1b754c45b3f3d659524831	31	女	UI设计师
b3b200e092ced4effd8da59564c18fdb	43	男	研究员
b3dee8dd8869dc7eb483b32931114ee9	21	女	数据分析师
b3ee723d98505390584ff9cd4ad23e51	42	女	产品经理
b4103f416cd1ecb900b70d1f383f2116	62	女	运营专员
b417b40174a29ee920588ce95c9950d7	59	女	咨询顾问
b441aba4726ca867bd892d2c8b6edaff	42	男	企业家
b49c5f281879634f7339050a057d7b8f	35	女	项目经理
b49db7f689c16866b5c4e3f8818fa3f4	57	男	律师
b4b6f11e1c24734e493fffd70d45ec4a	25	女	软件工程师
b5041bf966eb11dfbb9f073cdc864107	56	男	研究员
b51ba92dace54c657218111b1cf20524	57	男	产品经理
b51f7413d94afd0c9052b5fa7549521a	31	女	医生
b52b8affcd0c1c472e09d2bef7792fb8	49	男	企业家
b53cd61c69bf2e98a58d7df358ebc10d	55	男	数据分析师
b55451a7b40c838a4fa3bf2772049355	50	女	产品经理
b57a80fe3e7acbf4fcbeb398730287a9	40	女	会计师
b597505cc52a7771f1fdd2ffc3902c6a	32	男	运营专员
b5eb9b9674d85e644823b4dc7e3fee10	50	女	医生
b60d0c72dda136b4509bc254ff5de481	42	女	咨询顾问
b65fa244e263d38fc354271d959fc2fb	34	女	律师
b66a9065565523f6db3c1422df589298	50	男	企业家
b6d1e359c677f3d7ee7cbead3e559ee4	64	男	医生
b6d707b729d594c20ee10f32f043c9c1	19	男	销售经理
b6e7c08e6dd59444028656d73509a51b	31	女	自由职业者
b6e859c72c487ce15b9abcc78e07f6d0	57	男	人力资源
b6efb6d8137b9b942fba0ed9906920d6	57	男	软件工程师
b7057996f5768037d4b5578e49bc8690	56	女	咨询顾问
b739541be12ff8ccf49fbf8ebb3b25b1	23	女	企业家
b73d43218a8ab13df110cdb1e368d1c8	23	女	人力资源
b752c8e1c6b1c481fe63de2852bb0d01	20	男	咨询顾问
b765b93f8eb2720a5b4db9726f6d7e79	24	女	运营专员
b76f63f5c6fa8b57439f56696dfd5787	25	女	财务分析师
b77409dd50f788e9daabefab1f7b653e	59	男	产品经理
b85812947d5c5122b7403c000560c37f	32	女	技术支持
b902802c06ac33aa3b32d8dd17814072	64	男	人力资源
b937426bb5e7bc1ebc2f1b192c7651c1	46	男	数据分析师
b993bf862f18bc06a02639b86c2aa822	50	男	技术支持
b9dba516ea1263137c463b7feac48c57	47	男	咨询顾问
b9f919132608bd071ad62978427444b7	56	男	人力资源
ba038e8be3ed0d8d6e4637b8e69a40ed	44	男	律师
ba4f385687db58183dd388d577729df2	53	女	人力资源
baa9748b8344e40303b1c9d5f4c864dc	46	男	产品经理
baaf4f1d3f17c888297e3cacf889a8ce	55	男	自由职业者
bacd390cde6287497e1f6ff3c0a225d1	50	女	人力资源
bb606184ce37b5b6ecf2b0e603129efa	54	女	研究员
bb8d402731f0cc2052241ec3940a52a9	44	女	人力资源
bc029697761555e221f22a850ebeb869	50	女	运营专员
bc519c0c6ae83ad3ffa71c9fa6ca78aa	21	男	会计师
bc892d6a64be127e42cb7bb1f47d2ecf	39	女	市场营销
bce4a655b66d5bc769548ac34eae0792	19	男	企业家
bd49ef75a24d522a8e60930c23859c49	27	男	会计师
bd5728b5488053f0316290e459708382	22	女	产品经理
bd8a62109ac3e421197ec2b45cd47523	27	女	律师
bda14d2b61a66726f05178e414814fce	50	女	会计师
bddf7a22446eafc6488ac1879a7c8f4f	55	女	运营专员
be1c7b78afc0ec16ee4d4b1d8b72ecd3	30	女	律师
be6f6acc1187c906aaccd702f4e02f01	48	男	企业家
be889e00d7f16f34453d430ca1e7106f	64	女	人力资源
bea45d68c0c2e2d97175453530641b04	53	男	项目经理
bee404cc5ecb020124628b2670209012	62	男	咨询顾问
bf1aea2878c5008e32e762f5a7308db0	41	男	企业家
bf33562da17cd53936d1c5ea53ba3d0f	32	女	会计师
bf553596c3a31cc9c42ff4d4537a49dd	46	男	律师
bf7045935b6438ef6991dc9482e4edfd	25	男	市场营销
bf725e73bc280e7013dcd2fc8a4898b1	22	男	教师
bf9c48bc4bda2376f6d71a3fce508648	46	男	咨询顾问
bfba208ee3994ee22c8ff9668b881f23	64	女	数据分析师
bfbb789e2f06e543f8fb9ebcc18255da	21	男	产品经理
bfe7209e07c294eb4a546147379c3031	29	女	律师
c03ab00495c40140c1a47cb9f8b7abec	62	男	数据分析师
c05ca7577de95514b657848a00df61a0	19	男	研究员
c05cbfb0f5df0115ed7cdaa57912e7ab	44	男	学生
c06e04f815239df33538b15071b9c04c	48	男	教师
c06faf0b9a4d284447bf3819ffa4b37d	53	女	软件工程师
c0a6344f438a6088198d413676298787	53	男	财务分析师
c0cdbc718ec5b1873b8d96302b46d3f5	43	男	学生
c0df0e4e97f1b332678a309ba791682d	60	男	技术支持
c111e112aa17e591ea4e2d198515d514	44	男	律师
c1282d6096609954434d2c42f3231c30	22	男	企业家
c12ecc0337aac10f2d98d4dd840785d6	37	女	项目经理
c191332425da4347cc12eb7ae58b8da8	28	女	咨询顾问
c1bc3c4c91045443fe27eeee5d14fca0	27	女	项目经理
c1d2befcb9999e2bc5fcc24daf518a65	57	女	医生
c2012433d41e19eadfd4aca8bc13b1f9	55	女	咨询顾问
c227a88bd34b46dd6ac5022056a1b734	23	男	学生
c230d68ce3576956ffc62cbcacc13af4	25	女	财务分析师
c26003d74b01b8a08a75c69a262500b0	40	女	教师
c2865f7de52271ce91a9c3674eb0283f	64	女	产品经理
c2a933fc43f5cf00b2c2cb90dd442cbd	43	男	运营专员
c2b8add393b2091c303ae6e15def5d00	63	男	市场营销
c36cfc599dcbbddfd1a377dcd3e45ced	60	女	项目经理
c3865bb6afd1e1c88fc2cdc244a371ae	29	男	财务分析师
c3933de5317088c6d510be7cab072578	43	女	人力资源
c39e2fc946a37e2e24e37a6cc8c098f4	30	女	研究员
c3a3f07c3f110cdc2288b337a6e736d3	57	男	学生
c3a938b3f6174a3ae0f59b4f442f161e	35	女	市场营销
c3b0c72ec0e3904adaf462fa96737d70	42	女	学生
c423f09490bea1ad25b5da2b0183d5b4	50	女	销售经理
c44abf029602ce0d75dc61edc9a757e1	64	女	销售经理
c469b4cdef1d5b4902fa609a30b49fcc	57	男	企业家
c4829877ef8604a3747b091ba2c12173	60	女	销售经理
c4b930155c1ecf328654a72da7c435a5	29	男	自由职业者
c4e6c40fbc99f8175c37c9a66999d24a	61	男	数据分析师
c4e7793d09d90d62f6ebf7c2d92f3fe4	53	男	软件工程师
c50836d0611d5d36b8e82c176c35cfd0	65	女	运营专员
c52872b0011afd401a754a76398da903	21	男	数据分析师
c52ffd702f1d530ea14ffde1c6ba1d78	22	男	软件工程师
c5428e0f86cf95b98f5be90dc05c38c7	54	男	自由职业者
c59319a7df0831089a60fa507d848195	25	女	医生
c5d35265ceb0d53c80278947207abfe8	59	男	技术支持
c61afa31ad10d1172fa37848be20aa50	45	女	学生
c644e0906486aabc3d0346c1546895ad	48	男	软件工程师
c649b1d4055b7287fa1b326a28775e0d	26	女	软件工程师
c67fe53b4abe0d744ed2ef1f6b52414d	46	男	自由职业者
c71fd786c9dc6c4a6110e6cc499cdf95	31	女	企业家
c766b9278a5ed867959f11778b5bd8bb	57	女	软件工程师
c79f7f610a8f1d7366cecc7d77bc19f1	58	女	销售经理
c7a2c26a2616be6a9cd08f0976b74559	39	男	UI设计师
c7b5762d6aeb0f40ea2080f69a1c6393	28	男	人力资源
c7fa3d58842e93a8e41acfa41af139fa	40	男	技术支持
c7fdad0665ecf027c4890c90be52a62f	18	女	医生
c818b2e6a84bbbeaf19a9216dbca4eb6	63	女	律师
c83059c72567fd1cf703a13ce7046e25	54	男	医生
c83bc5567f39792c40ba392e042a8ef7	38	女	咨询顾问
c84b95914010815c3c1b841b9d39f738	43	男	人力资源
c892943aa5e965b29870985627fe6f11	63	女	数据分析师
c89a515afc47f763c049a4a2f210883d	53	男	数据分析师
c8c74e4d65a45bb32398efbb342eb6ac	40	女	律师
c8da2a0b5b7c1acd1bad98e9f1749148	18	女	企业家
c926f948b88a6d43f101b3c8a616b59f	57	女	产品经理
c927c20c3453cab8315985b254611806	32	男	销售经理
c9445c3b764cce59dddc4d498fae773f	38	男	学生
c9790c6b2b66634329006744a8c91b5a	64	女	教师
c9d0c5bb1e66cc25a59f3e9bfe82aebd	26	男	自由职业者
c9e622ac1048ccec2b43e018305ad8e5	26	男	人力资源
c9edd9900312b30ff02d7394ab5f6df7	27	男	研究员
ca0a48f05050588e9871663cc051ea75	43	女	市场营销
ca0fb3a51a927101bb501ae86c12f388	58	男	数据分析师
ca3568f65d7aeae65c319d3a099c8da1	52	女	企业家
ca6bd6221be9be856cf09011ba965ce2	42	男	销售经理
caaae7de85a6c0409f87e74c5696c70f	43	女	软件工程师
cb44285464ddbfafddb122abf6cde8ae	28	男	研究员
cb516695ac790d468e2da369ad300109	55	男	律师
cb74767934fe58ab9952625c1ea3c102	19	男	项目经理
cb79554ac66fcab2e958c6c27e2c244d	24	男	研究员
cb82276030666f4463b073f75c70a812	35	男	研究员
cb9ab32af10c3cf31ba90f59e6f10ac6	44	女	企业家
cc6cd1a286d81183baf79d4d1883bb95	51	女	律师
ccbc52e19c9145b5741e75c8532e5a87	44	男	数据分析师
ccd053c9629a2a2c78e5d05ec6cba04b	34	女	产品经理
cce3d0d3d441f06df260c77a042a208a	60	男	会计师
cd39f5f2177e068c2bf6b9cebda5fffd	61	男	数据分析师
cd4f06153a148be44c466228cf044ed1	41	女	技术支持
cd6464d5149ecc722d2108cc0fc9fd8f	42	女	教师
cd8a0359a6e039855e0206f10d94ce82	24	男	市场营销
cd92b9505f89fd53bea274b4b0e20f11	23	女	学生
ce1e763417ee73bd7e2db54b079bf8cf	41	男	医生
ce89fd9241802b2070cf8ffc5aebcba0	50	女	会计师
ce98bf4e33b6be52dabbabb8f1c6884f	46	男	研究员
cea97379d0d4b31d5a1fd39e91ce35af	60	女	数据分析师
cec45c770eeb69ba8841011f036e832d	39	女	人力资源
cf0c4f4f6cea9feb93c18a2ab3689e05	43	男	数据分析师
cf1165c6124bb3dd5ab231fe6e69e68d	45	女	运营专员
cf28033ec41deb93542de5bf9e7ce08f	38	女	运营专员
cf6c3b6283f8be7a67f8fd04428b2243	24	女	教师
cf8de7984aa1e8f075326e7227a2d66e	34	女	UI设计师
cfc0442e9c952573d215f8958859e086	37	男	软件工程师
cfdc66f54850c83a6aee454899bb3373	58	女	咨询顾问
d0b9bb32b80859de8a063ac885bd2300	37	女	市场营销
d103a9618f99960ca3ec2d07d2162d62	39	男	运营专员
d10b7302bbaad3b8d0239ec264509392	45	男	销售经理
d1e0293d15cfca9f16f7ff7ce8a4310f	57	女	咨询顾问
d1eba927c52e633f63ffd33824ae40c1	24	女	UI设计师
d21cb3d4344ad702a5f1ab867c82fbf1	18	男	数据分析师
d2288e8ab2e513d6156620ea0d1fd720	49	女	企业家
d233674e6472a53260565f5120d04998	30	男	技术支持
d24e2351c19bc7aa8333cd32d66938ef	47	女	律师
d32524a1dbf42040e566a2d3f927b8ed	40	男	项目经理
d344d09dc9ff02374ab71daf3f33a978	36	女	律师
d367e3dbfc547a6a8733e123276da4a1	49	男	企业家
d36b48ee2859a7d441cf6ad866ecbea7	47	男	研究员
d3768898a199c3d819ae17970a7eb09f	46	男	律师
d3eda970bf4b8a21d0ac6c3c1b91f2d7	62	男	运营专员
d405ff996d2dd8b60dfc581810768f12	46	女	项目经理
d42509bcd7ee499ebfe769f4ef09eed3	47	女	学生
d43d086d3e4824c10908d512b81dac28	33	男	数据分析师
d467e694762129df77f9cf5597564f2b	57	男	会计师
d488aed01926205195b322c8093253f3	36	女	会计师
d48964b1d0dd1a5fa981b3e006e94d4b	35	女	学生
d48a197e5725168bbbe5fa84c12d823c	18	男	医生
d49b30d8a13666495f8acd4b88e65b77	31	女	人力资源
d4ccec5f61ea13664d6a7340d24e5121	64	女	技术支持
d4d81855a1be0188789bbb26d80c59ef	19	男	咨询顾问
d560f3e7d77f19b91f585eed72f43b0d	45	男	运营专员
d59dda0e7817f2f018bae258820df09f	47	女	软件工程师
d5b0d8261ace56917169f2c30b8b9465	55	女	教师
d634b9cf5839fcd24c136feb256d48d8	21	女	教师
d6a99aa6e9a9a8c1bfe69e45bb857054	18	女	教师
d7098e6325b55c2df4834f3294a9cdb7	25	女	技术支持
d730a8d268f4b0e4f2a2a8bd2677f495	46	男	项目经理
d74e03ab469295fa9a6e95d5eeb1784d	56	女	技术支持
d75c64bdd5c2409184f17cc63122c9e9	20	男	学生
d771a2a8605dec04abb418020cf8d8dd	49	女	销售经理
d799e79c8215d4106a45b43a65bd978c	27	女	教师
d7b212f7aaad99bd76aeef16fcea2c7e	27	女	学生
d7dac53fea4cba4e1a1fd934012065a0	36	男	教师
d82e904cccbd93de97d2ae1fc8c5885a	63	女	市场营销
d83158283cdd3fa6d88d07062741dd39	51	女	医生
d83d60d01ba8ce91fa20ef8be7d97c06	50	男	研究员
d8498e4106d306ded5b91d6576e0b147	40	男	研究员
d8575217ce27eaf6d78104df0f1567c3	45	男	企业家
d882fa683cd8181d7f4c4c26f74a8256	49	男	咨询顾问
d8872ea1f569d0f3908f112b01a8e8ec	24	男	咨询顾问
d8a79fb68a6d9b4cd97e05b7f3527eb1	46	女	数据分析师
d8abb674d87ca4f1253609da0de2f012	25	女	学生
d8ec5a9edd6b9f9bae34506e888f657e	18	男	项目经理
d914d16a82181ba98ef93bfeed0882d6	20	男	市场营销
d9206fdcc234daa4addf322420dc8730	41	男	会计师
d92c54fbbe2f6f39a72f974718144b6d	40	女	数据分析师
d92c6c5575efcf86b9e94f919445e7c2	25	女	技术支持
d93197fcf5d1f1597c5eafa8576d9570	64	女	研究员
d94bfe8fb3aa98a6537da0584d136530	54	女	企业家
d95b804d947baef7b79c3eccb4de1ddf	20	女	企业家
d9a17be2c3b25dd685f12338c9a9cc37	50	男	医生
d9a75842f16dc3d94f1d1272421ec51b	45	男	UI设计师
d9bc2c8cea918f829aae3386538c53dd	64	男	医生
d9cb9b90d3f0874dad4273a8da5efdb1	25	男	技术支持
d9ed0cb49e2a87d9d0ccabe5635cdb7d	51	男	研究员
da20ba2b041c26c46142eeed76d8f50f	52	女	教师
da21a4c1ec0de1f946a2bdb403daaddf	49	女	UI设计师
da2781a98e1a9c1ea2aac449ac24b3e9	41	男	UI设计师
da2be39ac89dbecb762667a2a66a8bde	31	女	人力资源
da2ee0fb1cfcc68df7409311ae4e5050	49	男	咨询顾问
da3bac6b7c85c8b6d0f41f964c1133cc	63	女	律师
da80386067bc119fea10ebb0814a8b4a	60	女	研究员
dab6e63b8d39fefb422959b7a522cc77	33	男	医生
db1c3b835351bf9b20d8620059413c0f	21	男	学生
db269ac9b4a8d77e4d9388d81bd6a0c3	54	男	项目经理
db46b823dfd44cb8fc417512c3e39381	38	女	数据分析师
db4c8ba57e28b6b6636d5bd2919433d7	31	男	运营专员
dba7fa6ed0a6af17caf51daa645b9218	48	女	项目经理
dbdefd47bc545752596c18800d20227a	65	女	咨询顾问
dc1b16a8e982713cec979fe1be28beca	35	男	自由职业者
dc1bef550dbd73e0a6833ebb1449be9d	24	女	医生
dc25aa97ee9d77f35acaee3bd51f94ab	27	女	UI设计师
dc323812a1f62099cfa6e7de54573788	24	女	咨询顾问
dcb249a4f7f80beedc231a1aeb6f7094	50	女	数据分析师
dcb94a0afb409a0944e94dcc83e8feda	40	女	产品经理
dcd3376baf06b2c6f2c9671d0d0b7925	38	男	软件工程师
dd0272f2d3b78a1499d3de4230bf46b4	36	女	UI设计师
dd45363ec4a7c75bef99a00e4493f831	65	男	人力资源
dd5e5ef42dc29f7d565e645f1ffd99ab	36	男	企业家
dd70280c7c5353999230295ef9c805ce	53	男	教师
ddd4b3efe50779f2dc56887e7d18a2c8	46	女	咨询顾问
de6ae43ff19709f84ae716dfdd9c9d87	35	男	律师
de751987472d6f1a03bef899de208f47	19	男	销售经理
de92723c8f06f4c4010adb4987ae7097	18	女	律师
def9a9387dfc02237d8b4aa8035517ce	64	男	技术支持
df23a11645fcc6829d073c01847880eb	22	男	咨询顾问
df387e7c530f302046f65d41db7d25a0	37	女	律师
df668c79b0d83cbb49774f73fb06b77b	28	男	财务分析师
df68ae05db26d1b5a0329119f236ed5c	59	男	市场营销
dfa744e11a6f0034318da592b92f5520	19	男	研究员
dfae8be0f3eda86e14a8f875c83f371a	20	男	企业家
dfec0f8bf747084a00d9a5c684accefd	40	男	医生
dff21d416411f558f2ac81bad9459fcd	29	女	财务分析师
e02b704a8df6d63f254192a002dcf8e6	37	女	UI设计师
e037382bd7e1a93d028c7e90c260f087	22	女	学生
e0793351a07f3247c5553dd8b26345dd	54	女	技术支持
e09f7a44ef61262f0667b1a5864408b1	55	女	技术支持
e0b6089aabf84d92678fcd05164ceb10	47	女	研究员
e0bec4f1a22a3a424a2b8aeea85320f8	26	男	医生
e0c4fb1fdf4a4c764df5b5a224a37ac3	51	女	咨询顾问
e0fb56851f6ea81d99bbabf553523ae2	61	男	项目经理
e10c1a802e904e8bb6a749dcfb20849d	52	男	运营专员
e13ac159b171ec51e3462ba66052b3ee	39	女	UI设计师
e15687c9079fccbefee6203be06031f5	61	男	项目经理
e172abf232880376c812e00fb9b9bf05	41	男	销售经理
e19b0b3927fd6ccd4a96225417a6f3f9	34	女	运营专员
e26dc5a788d7b59e8a1d0a2e39df9357	27	女	会计师
e272f7aaca95dfe4e6b1f241007c9c9c	47	男	研究员
e2868a33403ad248879bef34e8d5473b	63	女	会计师
e2a630fef943052ecfa0877948451eb5	40	男	学生
e2aeb41d0e7c8a9dfb0497515aa4b617	49	男	企业家
e2d5996ec25d08ba5f857632ce95c07d	34	男	学生
e2e5c1641d4bbe1068aecf3f2b14fd84	34	女	运营专员
e327c044f4fb41c548f0a5e2938a1a77	31	男	教师
e32b12fba178ef235bbdead3a1a460ba	26	女	技术支持
e375f76f84df96f0877e14beba36f6ba	57	男	医生
e38c33233bab734c2d3da438f8704663	19	男	学生
e3da55f3e3137e7e447b9528d0b71d6f	62	男	财务分析师
e406227f76fe31dd7e8736257dbb4818	42	女	企业家
e40e10aa0caf47ffc4fcc0331fb02cbe	56	女	会计师
e4147de14a7c4a8b1efccea69da83f8f	26	女	会计师
e4598ae5cb249ce2baa3ea67769875f8	39	女	学生
e485adb40ca55c944860018e47bc24be	60	男	数据分析师
e486ef21bba54546aee3a1fa5259aa48	63	男	人力资源
e4c64bfe548f65a42d49d4aac278538d	21	女	产品经理
e4fbce61ccc67a07e1c4926f83c8bd51	43	女	人力资源
e512cf8b4201ae32f34ebcff5ac646dc	46	女	销售经理
e5274a01877e8d2cd084f988f7b5fac5	62	女	研究员
e5579ef00196b1303fdc9be96a740fd3	51	女	企业家
e5f7b6f546c23e29697c79949cf8005d	40	男	研究员
e610ff031ed7236132095941074d93db	54	男	市场营销
e614aa3647c7ab52cf1b4e03f2d59b49	28	女	企业家
e615dee8de13b6505f0bac7d7023f687	23	男	咨询顾问
e637352354d2dcd3f22e4d1e9d6744aa	35	男	会计师
e64f269cd565fcbd263eb95a8e335516	38	男	人力资源
e673afd2983a8f3d4621cc82214e8105	59	女	产品经理
e691942669219a29bb2ecd071d575066	53	女	市场营销
e6b4be6703a630cba729631729b6618e	58	女	数据分析师
e6c8021e82d8a4ec9fb176d283f0e2e4	55	女	UI设计师
e6db9fb6637a85d8db5d68b2378a07f1	51	男	财务分析师
e6e7df6cf58e0bd54da8cb2adbf73dd4	34	女	技术支持
e7014ec3064cecafe0352d1397a4e47b	54	女	销售经理
e73c77e2e0af5cf9a9a8d3c1c2e475b1	42	男	财务分析师
e780a463a469969da935a62e64bf4bce	55	男	产品经理
e7aee159c31fd111408ae532471e8fff	29	女	企业家
e7b144bf0c0d2382dca85f9248e28cfe	40	女	技术支持
e7b6589cdb8e1dceabdae66aa2e2d0c5	59	男	教师
e7d14223bea203beb832fa67c346318c	39	女	项目经理
e7e73c6542d01acbf352043a76003e60	38	女	自由职业者
e89ba654596b314f2fb8b225b899b585	44	男	运营专员
e8b4c9eda4e7bd4f7bf05e6d766152ae	48	女	产品经理
e8ef5e0ce6b4ec162451eb2afc51183f	23	女	运营专员
e8fa45e771d4ebb187a57bc7e77df319	44	男	人力资源
e9061359edbbc4468220c200144bffa8	57	男	教师
e93558ff2f321ad60baf23bf2cc25317	51	男	律师
e94d49329e68b89a90dd2d39864c3c0d	29	女	运营专员
e98816594939297735b368388097862e	62	女	会计师
e99b6d698a69ef561394ae65415de847	24	女	咨询顾问
e9dbca1b846ec71377942b13ec8c7707	27	男	数据分析师
ea16ebfe80e9677ea0ac9c7aa75e20a3	62	女	自由职业者
ea1b8f3ac22565182e6f52a625aab3a3	34	女	医生
ea2c269741fedf2d98b0c88100d6c33e	43	女	学生
ea3077b9f9c142f72d8a98431d7e95da	38	女	研究员
ea56754d0382b8a1a3b105026dc2f74d	45	男	数据分析师
eac3fa84ad5ba5123b69a09ad314a379	63	女	医生
eaf870a0a05c15d51b253ae2c8b88075	19	男	企业家
eb0253c669bbe2aa03a5329605ef4caa	60	女	财务分析师
eb5a862dc2daca387ab693b49fe98d21	18	女	财务分析师
eb881a103a6950b7284a64cdcf04a162	53	女	市场营销
ebb0a4cc65e58c98209812da0f794f85	43	女	项目经理
ec0ed5bf6f5dbfb678b1974e30e42aa9	46	女	企业家
ec1307989f7505e3aa2b023b251116ff	38	男	研究员
ec3a2985420a159e294a2c18334e06c9	28	女	教师
ec46cafb80f6a26ed1c9ba13e9f8654c	57	男	产品经理
ec6021856fcf03cd4c681f5dfb1f7b6a	28	男	咨询顾问
ecb7321d2e0176af79b45f8b667f161d	53	男	UI设计师
ecb769f9e72938b817251ed3f6ee2e88	56	男	咨询顾问
ecf6698e8e10ce8ea051f717cedc8eed	57	女	软件工程师
ed1903f782059e67195f307d4f68d4a6	52	女	财务分析师
ed1a29a75ca10379a85fe5f92b4239fe	51	男	项目经理
ed3cfdfcc605d0ae68054bf1d04bef20	64	男	市场营销
ed6a5516c176c1e0aa11d60a70c4b25b	41	男	医生
ed9ca26ad71b37f437f95ffad1c82a6c	39	女	数据分析师
eda15ac8f25201b253d8c0c224b22fb5	22	女	销售经理
edb3baa47b1c4122d1f7e3f306186c09	50	男	律师
edc0d168e6a42f4fa2d927bed4ab82dd	53	女	人力资源
edd6a5a9af558eed68ff141f60010822	64	女	数据分析师
eddafce46d91b665f54608487f92b824	37	男	软件工程师
edea9ee7e0e0b8723b06495876c3d281	36	男	学生
ee31a85f3fb2b263a5be99eb6c4103af	52	男	运营专员
ee4f7ec01bced435e62fc4dc18557044	60	男	自由职业者
ee91aa112e9464eabdbac840460e78ab	34	女	软件工程师
eeb3f7fa18d71394476548a8e344cc65	62	男	教师
eebc3cc81b82e28dfcf68c0640d8bd11	60	男	会计师
eec64ede2837a66a27ce8d7378e65277	51	男	学生
eeeb0abc599575cbfa7833c4c699cf2c	26	男	人力资源
ef083d1c1914d3d2a67dbe18cdcf5a59	43	女	数据分析师
ef0a83b1624f2aed76be4028ffb2167e	19	男	UI设计师
ef0d9165bfbb1e2baf380f780ab5d652	26	女	医生
ef3474ca1f11ed5eb0bee7a8c2360ce1	26	女	运营专员
effb71bb2cd4fd36ef8c8e9ef580adb9	57	女	运营专员
f00b6fcd358261e7dbae4083d4f45b52	34	男	数据分析师
f015dc2f50935254059c3a8bdf052fe8	18	男	技术支持
f033bed1f3411caefb717392f226a1e1	42	男	咨询顾问
f07f6f0271091151449f456a15f8d33a	60	女	财务分析师
f080654cb8e81c476e7cb3df691958ce	57	男	会计师
f084e272ee45f9000df23c88494a6408	59	女	财务分析师
f0c2a73339a9feb63c3699a91ec56dd7	42	男	UI设计师
f0cdac2c94c45ac0c322f4f1ebfec0f7	56	男	UI设计师
f11a5395d11252b18b6fed8253f8ee16	52	女	医生
f12a0289b467d5417054ce62f4112c38	20	女	教师
f1a3823e4ed878cece930c3ce1f9efc7	54	男	人力资源
f1db7f38c1077b456cba7a4d5590f9e8	61	女	数据分析师
f1e7d0720b1a25a478a50debf5e28f84	61	男	企业家
f234d1ad2c1a864739cccaf04fb3ea4b	47	女	软件工程师
f235c0c783a846f17d8b748028540898	55	女	财务分析师
f25393831a3c7c3ee030f53a3a2a811f	51	男	律师
f263b5fd62458d0244b325443d6513be	29	女	产品经理
f273f27741e3f288a23b2413d0bc2f90	36	男	学生
f2aa1253de3d02cf11100501452570eb	54	女	UI设计师
f2aef6fa6d33ec079d50bb4891236d1f	61	男	学生
f2f29efc6691b39ba81a27a6cbb8c748	34	男	自由职业者
f2f9a61dc52004d4bcb8064c812b550f	27	男	医生
f3110ad7102b3399881083c0279cd2c1	64	女	运营专员
f33af88128521beaa3191f526f81fafc	29	女	研究员
f358c7f99342e9eb0349f94b802b5cec	33	女	医生
f39c5c9c626829815bba9df3f718098b	41	男	学生
f3aae2f221aaa36668678e14654c6f5e	36	男	软件工程师
f3ab561d869ec2a9fcb04cd48090c3c8	25	男	软件工程师
f3ba4f56f69455a36986af100c7cc511	48	女	财务分析师
f41375ddd14c32d08cf262695c286696	38	男	产品经理
f4198a843f6f33ed0c3cf7be0e5f83e8	34	女	自由职业者
f4269f2b434826bc4720fc8e51720796	40	女	自由职业者
f48dac90263aaa69ffb5a2172f3ac2ca	54	女	会计师
f4a6aa642acbc2a77f02fbe30888a808	33	女	数据分析师
f4a9c321b851acb0af1c7a66f87426ed	23	男	市场营销
f4c50850c172c5977f4f590b007d4b2a	25	男	项目经理
f4df9b2983fb855eccd493888c85f7de	42	男	自由职业者
f51f05574afbaec7137983cf28eec665	35	男	运营专员
f54dd2655a2f63dc962013c5ff3eb923	42	女	律师
f54f02a6d46ab177657209b654891e40	29	男	项目经理
f551e3f3071337900e6d5a68775c958e	32	女	人力资源
f570f20c6efda868bb550f8d124e434a	43	男	人力资源
f5956b5e9f7e50aa0147a63431728f9a	58	男	会计师
f59cecd87e9041e9f33e64277e5bf563	62	男	咨询顾问
f5a0eafcd150de03165b8f9133d4451e	43	男	项目经理
f5b3bebfbd661f8a995b252ad712675a	64	男	UI设计师
f5c841c1663a2cb8f34e9bae150ffcff	49	男	运营专员
f5e4557ebaadc13101751b0b1033c4d5	27	男	销售经理
f6515f53bd7d218c696c96d9f9c18f37	33	女	医生
f6dbfbc66a60a120d2698060fdd6ee0e	24	女	销售经理
f6fd5ff7647f706dfa0ef15ec486ee26	34	女	运营专员
f74ea0869b9e694582d7e83d24139371	40	女	UI设计师
f7bc3eac99dae6edf5bf70b2c85847b9	43	男	教师
f839e80d084bcf411763a01cca2306f0	38	女	市场营销
f84305e2a13b19d1e492c1bfa4bbb06a	39	男	市场营销
f8730dd0673255f9e0b7e087ef3afde2	24	男	学生
f889feacfc06b07c970dcc49825a0935	31	女	自由职业者
f8efd0f39786304d9920b79d364ee1c7	32	女	产品经理
f9b196b97d3a30a1cc026933a5f2dac3	24	女	研究员
f9bd7bfcc41d7be3ae956d2fa2cda12d	26	男	医生
f9ebf3e4f49c851052155e8718234fad	65	男	市场营销
f9eebac50f8a1d510b6edcc02470da79	25	男	研究员
fa0ff46ca6420579d7530414323b11f7	40	男	人力资源
fa4c3f9a6cc1a32cfdbe69b9c7125c6a	46	男	产品经理
fa718049737b2818801befbbbb5050a9	35	男	人力资源
fa93d784e0b140764b4f233554e604ea	48	男	学生
fad41ab015e7fbd811fcaef9508e5350	47	女	律师
fadd2a6a9115f1e9f677ca9cf9be11f3	56	男	销售经理
faf87cec46e38dba1636584c6e8a3037	52	男	企业家
fb3ac89d6f1ee5d22be3455c7059e451	35	女	人力资源
fb61b4d82de0ee0a349e9846262f08b5	59	女	人力资源
fb661b9368fbe0a196b878023504b078	56	女	教师
fbc13115133ed74b0f06c2874dcb145b	34	女	数据分析师
fbcd4a721427d2a7041eecb7deef3335	31	女	UI设计师
fbdae212ceae036de67a3b47fc2c7df4	48	男	销售经理
fc0f6157a3249899cf7a75cff968e1b0	41	男	自由职业者
fc2057c30ee9c4f10ea3414142635733	52	男	律师
fc3aff117b05d8c25b785c6e97368048	61	男	咨询顾问
fc5f53c2b581079b9b344b64f19e92ab	62	女	项目经理
fc66257ebad87fd3332522364099536f	51	女	数据分析师
fca3c9cde0530c4d113a5cf6cc5dd51a	20	女	软件工程师
fcca0f88e7770e3bcc0632006af313d8	54	女	财务分析师
fcda610ba94e6ad1f5260a893d3b5ec0	60	女	研究员
fd4e4430a76445a7e101afcd21107663	57	女	技术支持
fd93b8e99c113a625ed82fdfd40629c3	43	男	咨询顾问
fdbdaf1051d5e6a597ce52bfbf9dd13c	40	女	研究员
fdc56572881810fdef9148a98e5fb527	61	女	财务分析师
fdf217a83d0ac50fc9d8bc6b1c5915bd	56	男	运营专员
fe5922e95276aec606409819eb0ac868	32	男	会计师
fe992716f2b9ed6564f55cff88095acf	21	男	人力资源
fea19ad99de99bd2a8eae610e3a59e79	46	女	软件工程师
fed04fd21afbc8c0a2d8a7cc4bb62318	39	女	软件工程师
feef3a0849efc78db17509fd8c9a902d	42	女	项目经理
fef99edb96c62dca7a01f15ea7973ade	30	男	财务分析师
fefef32319b19fe6873fa87a70ea93a2	35	男	会计师
ff2552ea98d0a16e4ff67e1fe2af5c61	50	女	产品经理
ff563d0fea0e69beae0f0493bc5c33e8	33	男	市场营销
ff768c9905f28202c3814601143ca394	62	男	产品经理
ffb0e5c27828ba8275993219a67a70d4	59	男	自由职业者
ffb6fdaa32051662871e8f929220e908	61	女	医生
ffbff5ce244de24e5bc1a8e6f026dc83	19	女	数据分析师
fff31f58ac292869560147057dfdfc12	52	男	自由职业者
fff6b65fb970dc4025867a620e778983	59	男	律师
